1365177513229189000
1365177513429142000
1365177513629115000
1365177513829098000
1365177514029040000
1365177514229003000
1365177514428968000
1365177514628950000
1365177514828891000
1365177515028886000
1365177515228817000
1365177515428763000
1365177515628726000
1365177515828692000
1365177516028660000
1365177516228615000
1365177516428581000
1365177516628541000
1365177516828504000
1365177517028499000
1365177517228430000
1365177517428392000
1365177517628355000
1365177517828319000
1365177518028285000
1365177518228246000
1365177518428269000
1365177518628174000
1365177518828132000
1365177519028146000
1365177519228094000
1365177519428024000
1365177519627986000
1365177519828056000
1365177520027911000
1365177520227876000
1365177520427846000
1365177520627816000
1365177520827771000
1365177521027725000
1365177521227692000
1365177521427651000
1365177521627630000
1365177521827578000
1365177522027540000
1365177522227502000
1365177522427468000
1365177522627446000
1365177522827394000
1365177523027365000
1365177523227327000
1365177523427284000
1365177523627246000
1365177523827208000
1365177524027162000
1365177524227159000
1365177524427099000
1365177524627061000
1365177524827052000
1365177525027003000
1365177525226951000
1365177525426916000
1365177525626879000
1365177525826839000
1365177526026819000
1365177526226777000
1365177526426728000
1365177526626719000
1365177526826655000
1365177527026668000
1365177527226743000
1365177527426546000
1365177527626588000
1365177527826466000
1365177528026425000
1365177528226393000
1365177528426370000
1365177528626353000
1365177528826284000
1365177529026249000
1365177529226273000
1365177529426174000
1365177529626139000
1365177529826100000
1365177530026066000
1365177530226042000
1365177530425986000
1365177530625952000
1365177530825917000
1365177531025874000
1365177531225848000
1365177531425836000
1365177531625798000
1365177531825728000
1365177532025720000
1365177532225654000
1365177532425637000
1365177532625618000
1365177532825544000
1365177533025518000
1365177533225469000
1365177533425434000
1365177533625407000
1365177533825361000
1365177534025321000
1365177534225301000
1365177534425249000
1365177534625225000
1365177534825181000
1365177535025162000
1365177535225099000
1365177535425068000
1365177535625026000
1365177535824994000
1365177536024957000
1365177536225142000
1365177536424895000
1365177536624838000
1365177536824830000
1365177537024810000
1365177537224734000
1365177537424724000
1365177537624658000
1365177537824619000
1365177538024585000
1365177538224543000
1365177538424508000
1365177538624475000
1365177538824434000
1365177539024397000
1365177539224383000
1365177539424322000
1365177539624288000
1365177539824249000
1365177540024211000
1365177540224189000
1365177540424149000
1365177540624105000
1365177540824062000
1365177541024028000
1365177541223982000
1365177541423988000
1365177541623918000
1365177541823880000
1365177542023864000
1365177542223795000
1365177542423831000
1365177542623721000
1365177542823684000
1365177543023661000
1365177543223624000
1365177543423582000
1365177543623539000
1365177543823513000
1365177544023475000
1365177544223435000
1365177544423397000
1365177544623383000
1365177544823327000
1365177545023290000
1365177545223252000
1365177545423203000
1365177545623181000
1365177545823142000
1365177546023123000
1365177546223065000
1365177546423031000
1365177546622986000
1365177546822954000
1365177547022920000
1365177547222888000
1365177547422843000
1365177547622809000
1365177547822779000
1365177548022734000
1365177548222693000
1365177548422649000
1365177548622612000
1365177548822576000
1365177549022546000
1365177549222510000
1365177549422473000
1365177549622439000
1365177549822400000
1365177550022399000
1365177550222327000
1365177550422291000
1365177550622252000
1365177550822208000
1365177551022193000
1365177551222139000
1365177551422109000
1365177551622065000
1365177551822044000
1365177552021995000
1365177552221971000
1365177552421924000
1365177552621881000
1365177552821844000
1365177553021809000
1365177553221761000
1365177553421736000
1365177553621743000
1365177553821663000
1365177554021629000
1365177554221588000
1365177554421550000
1365177554621513000
1365177554821472000
1365177555021436000
1365177555221402000
1365177555421365000
1365177555621326000
1365177555821282000
1365177556021252000
1365177556221214000
1365177556421179000
1365177556621172000
1365177556821121000
1365177557021094000
1365177557221035000
1365177557421001000
1365177557620959000
1365177557820911000
1365177558020879000
1365177558220836000
1365177558420814000
1365177558620777000
1365177558820734000
1365177559020693000
1365177559220662000
1365177559420625000
1365177559620605000
1365177559820558000
1365177560020504000
1365177560220476000
1365177560420438000
1365177560620403000
1365177560820371000
1365177561020317000
1365177561220297000
1365177561420254000
1365177561620218000
1365177561820179000
1365177562020135000
1365177562220135000
1365177562420071000
1365177562620035000
1365177562820491000
1365177563019964000
1365177563219923000
1365177563419886000
1365177563619978000
1365177563819814000
1365177564019766000
1365177564219764000
1365177564419699000
1365177564619662000
1365177564819906000
1365177565019618000
1365177565219553000
1365177565419513000
1365177565619486000
1365177565819441000
1365177566019408000
1365177566219392000
1365177566419367000
1365177566619291000
1365177566819258000
1365177567019209000
1365177567219221000
1365177567419147000
1365177567619106000
1365177567819072000
1365177568019031000
1365177568218998000
1365177568418962000
1365177568618941000
1365177568818884000
1365177569018845000
1365177569218818000
1365177569418777000
1365177569618741000
1365177569818701000
1365177570018664000
1365177570218627000
1365177570418592000
1365177570618552000
1365177570818577000
1365177571018469000
1365177571218440000
1365177571418404000
1365177571618367000
1365177571818336000
1365177572018289000
1365177572218257000
1365177572418220000
1365177572618184000
1365177572818143000
1365177573018114000
1365177573218075000
1365177573418049000
1365177573617996000
1365177573818190000
1365177574017942000
1365177574217888000
1365177574417852000
1365177574617813000
1365177574817779000
1365177575017731000
1365177575217708000
1365177575417670000
1365177575617628000
1365177575817590000
1365177576017573000
1365177576217518000
1365177576417484000
1365177576617443000
1365177576817408000
1365177577017369000
1365177577217368000
1365177577417297000
1365177577617264000
1365177577817257000
1365177578017186000
1365177578217152000
1365177578417114000
1365177578617107000
1365177578817041000
1365177579016994000
1365177579216969000
1365177579416932000
1365177579616887000
1365177579816853000
1365177580016838000
1365177580216780000
1365177580416739000
1365177580616703000
1365177580816670000
1365177581016645000
1365177581216593000
1365177581416559000
1365177581616519000
1365177581816504000
1365177582016447000
1365177582216406000
1365177582416390000
1365177582616413000
1365177582816296000
1365177583016265000
1365177583216224000
1365177583416202000
1365177583616152000
1365177583816124000
1365177584016067000
1365177584216065000
1365177584416054000
1365177584615967000
1365177584815929000
1365177585015892000
1365177585215872000
1365177585415821000
1365177585615780000
1365177585815750000
1365177586015710000
1365177586215661000
1365177586416269000
1365177586615595000
1365177586815765000
1365177587015520000
1365177587215484000
1365177587415448000
1365177587615412000
1365177587815372000
1365177588015337000
1365177588215295000
1365177588415263000
1365177588615223000
1365177588815193000
1365177589015151000
1365177589215111000
1365177589415066000
1365177589615040000
1365177589815003000
1365177590014965000
1365177590214932000
1365177590414893000
1365177590614858000
1365177590814820000
1365177591014779000
1365177591214744000
1365177591414704000
1365177591614670000
1365177591814634000
1365177592014587000
1365177592214558000
1365177592414524000
1365177592614485000
1365177592814447000
1365177593014414000
1365177593214375000
1365177593414336000
1365177593614301000
1365177593814266000
1365177594014228000
1365177594214193000
1365177594414151000
1365177594616178000
1365177594814078000
1365177595014059000
1365177595214072000
1365177595413969000
1365177595613958000
1365177595813927000
1365177596013862000
1365177596213819000
1365177596413784000
1365177596613745000
1365177596813707000
1365177597013673000
1365177597213664000
1365177597413596000
1365177597613559000
1365177597813548000
1365177598013476000
1365177598213449000
1365177598413414000
1365177598613373000
1365177598813339000
1365177599013303000
1365177599213268000
1365177599413248000
1365177599613189000
1365177599813167000
1365177600013115000
1365177600213079000
1365177600413071000
1365177600613007000
1365177600812972000
1365177601012924000
1365177601212894000
1365177601412860000
1365177601612819000
1365177601812788000
1365177602012746000
1365177602212709000
1365177602412673000
1365177602612633000
1365177602812606000
1365177603012556000
1365177603212525000
1365177603412503000
1365177603612449000
1365177603812413000
1365177604012377000
1365177604212338000
1365177604412530000
1365177604612265000
1365177604812228000
1365177605012181000
1365177605212192000
1365177605412117000
1365177605612081000
1365177605812046000
1365177606012002000
1365177606211971000
1365177606411933000
1365177606611895000
1365177606811896000
1365177607011820000
1365177607211792000
1365177607411751000
1365177607611711000
1365177607811674000
1365177608011679000
1365177608211600000
1365177608411562000
1365177608611749000
1365177608811492000
1365177609011448000
1365177609211418000
1365177609411383000
1365177609611355000
1365177609811306000
1365177610011262000
1365177610211236000
1365177610411243000
1365177610611173000
1365177610811143000
1365177611011073000
1365177611211046000
1365177611411010000
1365177611610974000
1365177611810934000
1365177612010891000
1365177612210864000
1365177612410823000
1365177612610787000
1365177612810751000
1365177613010715000
1365177613210674000
1365177613410639000
1365177613610599000
1365177613810564000
1365177614010525000
1365177614210513000
1365177614410454000
1365177614610432000
1365177614810395000
1365177615010344000
1365177615210307000
1365177615410308000
1365177615610232000
1365177615810194000
1365177616010155000
1365177616210110000
1365177616410099000
1365177616610049000
1365177616810046000
1365177617009972000
1365177617209926000
1365177617409942000
1365177617609861000
1365177617809830000
1365177618009778000
1365177618209751000
1365177618409715000
1365177618609674000
1365177618809672000
1365177619009615000
1365177619209567000
1365177619409528000
1365177619609503000
1365177619809454000
1365177620009409000
1365177620209386000
1365177620409346000
1365177620609306000
1365177620809314000
1365177621009231000
1365177621209190000
1365177621409158000
1365177621609123000
1365177621809086000
1365177622009055000
1365177622209039000
1365177622408975000
1365177622608940000
1365177622808899000
1365177623008866000
1365177623208825000
1365177623408790000
1365177623608753000
1365177623808715000
1365177624008680000
1365177624208639000
1365177624408604000
1365177624608572000
1365177624808532000
1365177625008496000
1365177625208454000
1365177625408418000
1365177625608384000
1365177625808346000
1365177626008310000
1365177626208271000
1365177626408232000
1365177626608194000
1365177626808188000
1365177627008118000
1365177627208085000
1365177627408050000
1365177627608013000
1365177627807975000
1365177628007929000
1365177628207900000
1365177628407864000
1365177628607825000
1365177628807791000
1365177629007758000
1365177629207719000
1365177629407694000
1365177629607646000
1365177629807709000
1365177630007573000
1365177630207531000
1365177630407499000
1365177630607457000
1365177630807423000
1365177631007376000
1365177631207348000
1365177631407312000
1365177631607275000
1365177631809614000
1365177632007196000
1365177632207164000
1365177632407128000
1365177632607086000
1365177632807103000
1365177633007014000
1365177633207035000
1365177633406942000
1365177633606902000
1365177633806873000
1365177634006832000
1365177634206791000
1365177634406758000
1365177634606735000
1365177634806683000
1365177635006635000
1365177635206635000
1365177635406576000
1365177635606538000
1365177635806523000
1365177636006458000
1365177636206424000
1365177636406393000
1365177636606385000
1365177636806316000
1365177637006263000
1365177637206292000
1365177637406205000
1365177637606180000
1365177637806127000
1365177638006093000
1365177638206227000
1365177638406017000
1365177638606013000
1365177638805942000
1365177639005899000
1365177639205867000
1365177639405828000
1365177639605908000
1365177639805757000
1365177640005735000
1365177640206072000
1365177640406469000
1365177640605612000
1365177640805569000
1365177641005534000
1365177641205499000
1365177641405461000
1365177641605424000
1365177641805475000
1365177642005342000
1365177642205385000
1365177642405279000
1365177642605245000
1365177642805204000
1365177643005194000
1365177643205128000
1365177643405120000
1365177643605054000
1365177643805016000
1365177644004986000
1365177644204941000
1365177644404910000
1365177644604888000
1365177644804860000
1365177645004789000
1365177645204756000
1365177645404722000
1365177645604690000
1365177645804647000
1365177646004604000
1365177646204578000
1365177646404536000
1365177646604500000
1365177646804465000
1365177647004417000
1365177647204385000
1365177647404343000
1365177647604314000
1365177647804278000
1365177648004237000
1365177648204204000
1365177648404167000
1365177648604128000
1365177648804094000
1365177649004057000
1365177649204015000
1365177649403979000
1365177649603947000
1365177649803910000
1365177650003862000
1365177650203831000
1365177650403796000
1365177650603767000
1365177650803727000
1365177651003692000
1365177651203649000
1365177651403612000
1365177651603575000
1365177651803579000
1365177652003492000
1365177652203467000
1365177652403424000
1365177652603388000
1365177652803351000
1365177653003315000
1365177653203276000
1365177653403241000
1365177653603213000
1365177653803167000
1365177654003130000
1365177654203092000
1365177654403050000
1365177654603023000
1365177654802979000
1365177655002946000
1365177655202905000
1365177655402872000
1365177655602842000
1365177655802794000
1365177656002749000
1365177656202722000
1365177656402780000
1365177656602648000
1365177656802618000
1365177657002593000
1365177657202558000
1365177657402502000
1365177657602474000
1365177657802432000
1365177658002385000
1365177658202353000
1365177658402319000
1365177658602298000
1365177658802239000
1365177659002255000
1365177659202173000
1365177659403118000
1365177659602094000
1365177659802059000
1365177660002013000
1365177660201981000
1365177660401949000
1365177660601916000
1365177660801870000
1365177661001833000
1365177661201800000
1365177661401760000
1365177661601725000
1365177661801689000
1365177662001643000
1365177662201618000
1365177662401593000
1365177662601539000
1365177662801504000
1365177663001465000
1365177663201455000
1365177663401392000
1365177663601345000
1365177663801316000
1365177664001278000
1365177664201238000
1365177664401204000
1365177664601194000
1365177664801129000
1365177665001098000
1365177665201061000
1365177665401019000
1365177665600983000
1365177665800944000
1365177666000910000
1365177666200878000
1365177666400832000
1365177666600797000
1365177666800762000
1365177667000717000
1365177667200687000
1365177667400647000
1365177667600611000
1365177667800575000
1365177668000564000
1365177668200507000
1365177668400476000
1365177668600428000
1365177668800392000
1365177669000347000
1365177669200318000
1365177669400280000
1365177669600241000
1365177669800210000
1365177670000168000
1365177670200129000
1365177670400106000
1365177670600057000
1365177670800021000
1365177671000005000
1365177671199978000
1365177671399907000
1365177671599873000
1365177671799834000
1365177671999828000
1365177672199762000
1365177672399726000
1365177672599707000
1365177672799652000
1365177672999603000
1365177673199577000
1365177673399530000
1365177673599500000
1365177673799467000
1365177673999418000
1365177674199390000
1365177674399770000
1365177674599314000
1365177674799289000
1365177674999244000
1365177675199228000
1365177675399167000
1365177675599134000
1365177675799092000
1365177675999055000
1365177676199019000
1365177676398982000
1365177676598975000
1365177676798916000
1365177676998869000
1365177677198835000
1365177677398797000
1365177677598761000
1365177677798729000
1365177677998686000
1365177678198652000
1365177678398614000
1365177678598574000
1365177678798539000
1365177678998496000
1365177679198463000
1365177679398442000
1365177679598392000
1365177679798354000
1365177679998316000
1365177680198343000
1365177680398251000
1365177680598228000
1365177680798172000
1365177680998137000
1365177681198097000
1365177681398084000
1365177681598025000
1365177681797997000
1365177681997971000
1365177682197910000
1365177682397878000
1365177682597837000
1365177682797896000
1365177682997754000
1365177683197731000
1365177683397686000
1365177683597653000
1365177683797614000
1365177683997595000
1365177684197541000
1365177684397520000
1365177684597499000
1365177684797437000
1365177684997389000
1365177685197357000
1365177685397317000
1365177685597306000
1365177685797274000
1365177685997209000
1365177686197470000
1365177686397135000
1365177686597093000
1365177686797057000
1365177686997023000
1365177687196984000
1365177687396945000
1365177687596911000
1365177687796873000
1365177687996827000
1365177688196856000
1365177688396756000
1365177688596726000
1365177688796686000
1365177688996642000
1365177689196615000
1365177689396707000
1365177689596565000
1365177689796494000
1365177689996455000
1365177690196428000
1365177690396390000
1365177690596359000
1365177690796373000
1365177690996286000
1365177691196245000
1365177691396213000
1365177691596354000
1365177691796144000
1365177691996094000
1365177692196099000
1365177692396028000
1365177692595984000
1365177692795940000
1365177692995909000
1365177693195901000
1365177693395834000
1365177693595802000
1365177693795765000
1365177693995720000
1365177694195688000
1365177694395643000
1365177694595672000
1365177694795574000
1365177694995541000
1365177695195512000
1365177695395480000
1365177695595450000
1365177695795457000
1365177695995360000
1365177696195321000
1365177696395283000
1365177696595242000
1365177696795202000
1365177696995171000
1365177697195141000
1365177697395212000
1365177697595057000
1365177697795026000
1365177697994982000
1365177698194946000
1365177698394911000
1365177698594871000
1365177698794835000
1365177698994796000
1365177699194765000
1365177699394726000
1365177699594686000
1365177699794652000
1365177699994623000
1365177700194574000
1365177700394567000
1365177700594500000
1365177700794468000
1365177700994416000
1365177701194393000
1365177701394353000
1365177701594316000
1365177701794281000
1365177701994253000
1365177702194205000
1365177702394168000
1365177702594142000
1365177702794109000
1365177702994048000
1365177703194022000
1365177703393987000
1365177703593952000
1365177703793907000
1365177703993864000
1365177704193837000
1365177704393797000
1365177704593759000
1365177704793724000
1365177704993690000
1365177705193648000
1365177705393621000
1365177705593579000
1365177705793537000
1365177705993492000
1365177706193473000
1365177706393426000
1365177706593383000
1365177706793554000
1365177706993522000
1365177707193280000
1365177707393244000
1365177707593204000
1365177707793181000
1365177707993124000
1365177708193095000
1365177708393056000
1365177708593011000
1365177708792986000
1365177708992938000
1365177709192907000
1365177709392871000
1365177709592839000
1365177709792812000
1365177709992752000
1365177710192758000
1365177710392685000
1365177710592649000
1365177710792611000
1365177710992568000
1365177711192538000
1365177711392501000
1365177711592464000
1365177711792426000
1365177711992393000
1365177712192372000
1365177712392317000
1365177712592280000
1365177712792244000
1365177712992216000
1365177713192167000
1365177713392132000
1365177713592095000
1365177713792056000
1365177713992026000
1365177714191984000
1365177714391946000
1365177714591905000
1365177714791874000
1365177714991831000
1365177715191800000
1365177715391763000
1365177715591740000
1365177715791685000
1365177715991647000
1365177716191611000
1365177716391589000
1365177716591561000
1365177716791521000
1365177716991494000
1365177717191436000
1365177717391387000
1365177717591354000
1365177717791313000
1365177717991271000
1365177718191242000
1365177718391225000
1365177718591165000
1365177718791131000
1365177718991095000
1365177719191065000
1365177719391051000
1365177719590980000
1365177719790944000
1365177719990903000
1365177720190874000
1365177720390833000
1365177720590797000
1365177720790761000
1365177720990722000
1365177721190690000
1365177721390649000
1365177721590609000
1365177721790593000
1365177721990528000
1365177722190502000
1365177722390462000
1365177722590425000
1365177722790393000
1365177722990344000
1365177723190315000
1365177723390290000
1365177723590239000
1365177723790205000
1365177723990165000
1365177724190131000
1365177724390100000
1365177724590056000
1365177724790015000
1365177724989971000
1365177725189960000
1365177725389905000
1365177725589870000
1365177725789831000
1365177725989796000
1365177726189756000
1365177726389722000
1365177726589776000
1365177726789647000
1365177726989609000
1365177727189574000
1365177727389537000
1365177727589500000
1365177727789460000
1365177727989447000
1365177728189387000
1365177728389348000
1365177728589313000
1365177728789276000
1365177728989237000
1365177729189202000
1365177729389163000
1365177729589128000
1365177729789090000
1365177729989066000
1365177730189015000
1365177730388981000
1365177730588961000
1365177730788907000
1365177730988858000
1365177731188847000
1365177731388796000
1365177731588761000
1365177731788719000
1365177731988683000
1365177732188662000
1365177732388607000
1365177732588598000
1365177732788561000
1365177732988499000
1365177733188462000
1365177733388425000
1365177733588386000
1365177733788352000
1365177733988334000
1365177734188273000
1365177734388236000
1365177734588200000
1365177734788163000
1365177734988124000
1365177735188089000
1365177735388055000
1365177735588014000
1365177735787980000
1365177735988030000
1365177736187904000
1365177736387867000
1365177736587829000
1365177736787794000
1365177736987757000
1365177737187736000
1365177737387679000
1365177737587645000
1365177737787611000
1365177737987580000
1365177738187532000
1365177738387493000
1365177738587469000
1365177738787420000
1365177738987374000
1365177739187347000
1365177739387315000
1365177739587282000
1365177739787235000
1365177739987220000
1365177740187160000
1365177740387158000
1365177740587100000
1365177740787058000
1365177740987016000
1365177741186976000
1365177741386941000
1365177741586902000
1365177741786864000
1365177741986832000
1365177742186789000
1365177742386752000
1365177742586718000
1365177742786724000
1365177742986645000
1365177743186616000
1365177743386566000
1365177743586530000
1365177743786494000
1365177743986455000
1365177744186435000
1365177744386403000
1365177744586346000
1365177744786308000
1365177744986259000
1365177745186223000
1365177745386198000
1365177745586159000
1365177745786165000
1365177745986084000
1365177746186061000
1365177746386009000
1365177746586260000
1365177746786197000
1365177746985906000
1365177747185859000
1365177747385831000
1365177747585799000
1365177747785750000
1365177747985780000
1365177748185674000
1365177748385638000
1365177748585600000
1365177748785582000
1365177748985519000
1365177749185503000
1365177749385471000
1365177749585416000
1365177749785378000
1365177749985354000
1365177750185304000
1365177750385265000
1365177750585232000
1365177750785191000
1365177750985155000
1365177751185117000
1365177751385082000
1365177751585050000
1365177751785009000
1365177751984968000
1365177752184933000
1365177752384886000
1365177752584871000
1365177752784824000
1365177752984812000
1365177753184747000
1365177753384709000
1365177753584719000
1365177753784637000
1365177753984589000
1365177754184573000
1365177754384526000
1365177754584491000
1365177754784450000
1365177754984411000
1365177755184376000
1365177755384338000
1365177755584304000
1365177755784265000
1365177755984229000
1365177756184191000
1365177756384154000
1365177756584128000
1365177756784077000
1365177756984047000
1365177757184002000
1365177757383967000
1365177757583928000
1365177757783891000
1365177757983850000
1365177758183820000
1365177758383785000
1365177758583743000
1365177758783710000
1365177758983672000
1365177759183623000
1365177759383592000
1365177759583558000
1365177759783553000
1365177759983475000
1365177760183450000
1365177760383435000
1365177760583371000
1365177760783332000
1365177760983306000
1365177761183259000
1365177761383227000
1365177761583186000
1365177761783154000
1365177761983116000
1365177762183077000
1365177762383038000
1365177762582999000
1365177762782991000
1365177762982946000
1365177763182902000
1365177763382856000
1365177763582821000
1365177763782809000
1365177763982751000
1365177764182713000
1365177764382668000
1365177764582632000
1365177764782610000
1365177764982553000
1365177765182517000
1365177765382481000
1365177765582443000
1365177765782406000
1365177765982390000
1365177766182329000
1365177766382292000
1365177766582262000
1365177766782218000
1365177766982196000
1365177767182147000
1365177767382106000
1365177767582081000
1365177767782041000
1365177767981994000
1365177768181959000
1365177768381920000
1365177768581886000
1365177768781851000
1365177768981812000
1365177769181776000
1365177769381739000
1365177769581696000
1365177769781724000
1365177769981615000
1365177770181590000
1365177770381554000
1365177770581511000
1365177770781475000
1365177770981438000
1365177771181393000
1365177771381377000
1365177771581491000
1365177771781290000
1365177771981327000
1365177772181216000
1365177772381184000
1365177772581163000
1365177772781110000
1365177772981069000
1365177773181043000
1365177773381020000
1365177773580955000
1365177773780933000
1365177773980886000
1365177774180845000
1365177774380804000
1365177774580768000
1365177774780731000
1365177774980692000
1365177775180657000
1365177775380620000
1365177775580587000
1365177775780549000
1365177775980513000
1365177776180471000
1365177776380435000
1365177776580400000
1365177776780360000
1365177776980314000
1365177777180283000
1365177777380251000
1365177777580214000
1365177777780174000
1365177777980134000
1365177778180103000
1365177778380062000
1365177778580024000
1365177778779993000
1365177778979955000
1365177779179917000
1365177779379877000
1365177779579842000
1365177779779803000
1365177779979773000
1365177780179732000
1365177780379691000
1365177780579653000
1365177780779618000
1365177780979597000
1365177781179541000
1365177781379512000
1365177781579492000
1365177781779428000
1365177781979394000
1365177782179355000
1365177782379317000
1365177782579291000
1365177782779284000
1365177782979218000
1365177783179169000
1365177783379137000
1365177783579127000
1365177783779057000
1365177783979020000
1365177784178985000
1365177784378946000
1365177784578910000
1365177784778883000
1365177784978835000
1365177785178812000
1365177785378773000
1365177785578725000
1365177785778686000
1365177785978654000
1365177786178612000
1365177786378575000
1365177786578539000
1365177786778499000
1365177786978465000
1365177787178428000
1365177787378386000
1365177787578352000
1365177787778317000
1365177787978279000
1365177788178248000
1365177788378203000
1365177788578184000
1365177788778127000
1365177788978089000
1365177789178056000
1365177789378006000
1365177789578006000
1365177789777943000
1365177789977903000
1365177790177868000
1365177790377830000
1365177790577796000
1365177790777758000
1365177790977719000
1365177791177680000
1365177791377647000
1365177791577610000
1365177791777660000
1365177791977533000
1365177792177494000
1365177792377457000
1365177792577420000
1365177792777390000
1365177792977349000
1365177793177310000
1365177793377272000
1365177793577301000
1365177793777197000
1365177793977150000
1365177794177132000
1365177794377085000
1365177794577051000
1365177794777010000
1365177794977024000
1365177795176940000
1365177795376902000
1365177795576876000
1365177795776826000
1365177795976783000
1365177796176752000
1365177796376715000
1365177796576677000
1365177796776640000
1365177796976594000
1365177797176570000
1365177797376529000
1365177797576493000
1365177797776454000
1365177797976407000
1365177798176393000
1365177798376342000
1365177798576302000
1365177798776267000
1365177798976234000
1365177799176193000
1365177799376170000
1365177799576118000
1365177799776094000
1365177799976102000
1365177800176008000
1365177800375985000
1365177800575961000
1365177800775889000
1365177800975891000
1365177801175822000
1365177801375807000
1365177801575785000
1365177801775709000
1365177801975677000
1365177802175635000
1365177802375623000
1365177802575561000
1365177802775523000
1365177802975476000
1365177803175583000
1365177803375413000
1365177803575376000
1365177803775338000
1365177803975299000
1365177804175273000
1365177804375223000
1365177804575182000
1365177804775154000
1365177804975105000
1365177805175077000
1365177805375101000
1365177805575006000
1365177805774965000
1365177805974929000
1365177806174893000
1365177806374853000
1365177806574835000
1365177806774783000
1365177806974733000
1365177807174705000
1365177807374664000
1365177807574986000
1365177807774690000
1365177807974555000
1365177808174523000
1365177808374480000
1365177808574444000
1365177808774409000
1365177808974681000
1365177809174358000
1365177809374296000
1365177809574419000
1365177809774224000
1365177809974183000
1365177810174146000
1365177810374107000
1365177810574080000
1365177810774036000
1365177810973987000
1365177811173960000
1365177811373937000
1365177811573884000
1365177811773866000
1365177811973811000
1365177812173777000
1365177812373739000
1365177812573700000
1365177812773660000
1365177812973624000
1365177813173590000
1365177813373548000
1365177813573514000
1365177813773477000
1365177813973440000
1365177814173407000
1365177814373377000
1365177814573328000
1365177814773291000
1365177814973245000
1365177815173231000
1365177815373182000
1365177815573142000
1365177815773116000
1365177815973072000
1365177816173051000
1365177816372997000
1365177816572954000
1365177816772920000
1365177816972879000
1365177817172846000
1365177817372805000
1365177817572774000
1365177817772733000
1365177817972703000
1365177818172655000
1365177818372619000
1365177818572582000
1365177818772547000
1365177818972501000
1365177819172484000
1365177819372450000
1365177819572399000
1365177819772363000
1365177819972324000
1365177820172287000
1365177820372248000
1365177820572211000
1365177820772175000
1365177820972144000
1365177821172102000
1365177821372126000
1365177821572029000
1365177821771985000
1365177821971964000
1365177822171916000
1365177822371878000
1365177822571843000
1365177822771803000
1365177822971767000
1365177823171728000
1365177823371693000
1365177823571655000
1365177823771617000
1365177823971576000
1365177824171543000
1365177824371505000
1365177824571471000
1365177824771451000
1365177824971395000
1365177825171356000
1365177825371328000
1365177825571283000
1365177825771255000
1365177825971209000
1365177826171173000
1365177826371133000
1365177826571094000
1365177826771061000
1365177826971151000
1365177827170985000
1365177827370945000
1365177827570912000
1365177827770874000
1365177827970836000
1365177828170803000
1365177828370759000
1365177828570723000
1365177828770685000
1365177828970647000
1365177829170626000
1365177829370577000
1365177829570539000
1365177829770510000
1365177829970469000
1365177830170427000
1365177830370386000
1365177830570372000
1365177830770311000
1365177830970274000
1365177831170240000
1365177831370205000
1365177831570164000
1365177831770130000
1365177831970094000
1365177832170054000
1365177832370018000
1365177832569982000
1365177832769940000
1365177832969919000
1365177833169869000
1365177833369829000
1365177833569815000
1365177833769760000
1365177833969718000
1365177834169680000
1365177834369647000
1365177834569607000
1365177834769568000
1365177834969548000
1365177835169495000
1365177835369463000
1365177835569426000
1365177835769386000
1365177835969340000
1365177836169306000
1365177836369274000
1365177836569247000
1365177836769198000
1365177836969153000
1365177837169155000
1365177837369087000
1365177837569048000
1365177837769013000
1365177837968974000
1365177838168937000
1365177838368904000
1365177838568865000
1365177838768823000
1365177838968784000
1365177839168753000
1365177839368713000
1365177839568676000
1365177839768708000
1365177839968605000
1365177840168566000
1365177840368528000
1365177840568488000
1365177840768453000
1365177840968415000
1365177841168380000
1365177841368344000
1365177841568309000
1365177841768268000
1365177841968228000
1365177842168197000
1365177842368156000
1365177842568117000
1365177842768080000
1365177842968035000
1365177843168008000
1365177843367971000
1365177843567947000
1365177843767913000
1365177843967860000
1365177844167821000
1365177844367785000
1365177844567747000
1365177844767712000
1365177844967675000
1365177845167643000
1365177845367600000
1365177845567565000
1365177845767527000
1365177845967486000
1365177846167450000
1365177846367423000
1365177846567377000
1365177846767337000
1365177846967303000
1365177847167293000
1365177847367229000
1365177847567188000
1365177847767153000
1365177847967112000
1365177848167080000
1365177848367045000
1365177848567003000
1365177848766967000
1365177848966932000
1365177849167065000
1365177849366847000
1365177849566829000
1365177849767115000
1365177849966737000
1365177850166708000
1365177850366669000
1365177850566624000
1365177850766614000
1365177850966553000
1365177851166519000
1365177851366499000
1365177851566448000
1365177851766411000
1365177851966362000
1365177852166336000
1365177852366296000
1365177852566258000
1365177852766222000
1365177852966620000
1365177853166168000
1365177853366114000
1365177853566076000
1365177853766098000
1365177853966004000
1365177854165986000
1365177854365943000
1365177854565889000
1365177854765851000
1365177854965805000
1365177855165778000
1365177855365742000
1365177855565724000
1365177855765666000
1365177855965620000
1365177856165602000
1365177856365563000
1365177856565514000
1365177856765479000
1365177856965444000
1365177857165418000
1365177857365385000
1365177857565331000
1365177857765310000
1365177857965249000
1365177858165216000
1365177858365186000
1365177858565151000
1365177858765108000
1365177858965075000
1365177859165032000
1365177859364999000
1365177859564962000
1365177859764926000
1365177859964886000
1365177860164847000
1365177860364813000
1365177860564781000
1365177860764737000
1365177860964688000
1365177861164662000
1365177861364622000
1365177861564588000
1365177861764571000
1365177861964507000
1365177862164474000
1365177862364438000
1365177862564400000
1365177862764366000
1365177862964326000
1365177863164290000
1365177863364255000
1365177863564272000
1365177863764180000
1365177863964145000
1365177864164106000
1365177864364133000
1365177864564029000
1365177864763994000
1365177864963960000
1365177865163917000
1365177865363884000
1365177865563896000
1365177865763808000
1365177865963760000
1365177866163757000
1365177866363695000
1365177866563661000
1365177866763632000
1365177866963578000
1365177867163547000
1365177867363511000
1365177867563486000
1365177867763471000
1365177867963397000
1365177868163360000
1365177868363321000
1365177868563287000
1365177868763247000
1365177868963225000
1365177869163177000
1365177869363166000
1365177869563120000
1365177869763061000
1365177869963027000
1365177870162988000
1365177870362954000
1365177870562917000
1365177870762893000
1365177870962861000
1365177871162802000
1365177871362767000
1365177871562767000
1365177871762694000
1365177871962652000
1365177872162617000
1365177872362582000
1365177872562544000
1365177872762523000
1365177872962505000
1365177873162432000
1365177873362397000
1365177873562377000
1365177873762320000
1365177873962345000
1365177874162249000
1365177874362210000
1365177874562189000
1365177874762134000
1365177874962142000
1365177875162059000
1365177875362020000
1365177875561988000
1365177875761948000
1365177875961905000
1365177876161892000
1365177876361838000
1365177876561801000
1365177876761762000
1365177876961725000
1365177877161687000
1365177877361655000
1365177877561618000
1365177877761578000
1365177877961531000
1365177878161505000
1365177878361467000
1365177878561430000
1365177878761393000
1365177878961353000
1365177879161319000
1365177879361285000
1365177879561243000
1365177879761205000
1365177879961166000
1365177880161144000
1365177880361134000
1365177880561280000
1365177880761050000
1365177880960982000
1365177881161016000
1365177881361020000
1365177881560874000
1365177881760844000
1365177881960792000
1365177882160768000
1365177882360725000
1365177882560683000
1365177882760648000
1365177882960610000
1365177883160573000
1365177883360535000
1365177883560498000
1365177883760466000
1365177883960416000
1365177884160394000
1365177884360353000
1365177884560314000
1365177884760275000
1365177884960239000
1365177885160205000
1365177885360173000
1365177885560129000
1365177885760113000
1365177885960046000
1365177886160012000
1365177886359977000
1365177886559945000
1365177886760010000
1365177886959870000
1365177887159835000
1365177887359793000
1365177887559760000
1365177887759721000
1365177887959674000
1365177888159646000
1365177888359610000
1365177888559570000
1365177888759538000
1365177888959515000
1365177889159458000
1365177889359420000
1365177889559383000
1365177889759361000
1365177889959316000
1365177890159276000
1365177890359235000
1365177890559199000
1365177890759160000
1365177890959160000
1365177891159090000
1365177891359062000
1365177891559014000
1365177891758998000
1365177891958938000
1365177892158901000
1365177892358868000
1365177892558831000
1365177892758796000
1365177892958744000
1365177893158717000
1365177893358688000
1365177893558644000
1365177893758609000
1365177893958569000
1365177894158530000
1365177894358498000
1365177894558485000
1365177894758420000
1365177894958375000
1365177895158345000
1365177895358306000
1365177895558274000
1365177895758236000
1365177895958198000
1365177896158170000
1365177896358123000
1365177896558086000
1365177896758048000
1365177896958009000
1365177897157978000
1365177897357952000
1365177897557902000
1365177897757865000
1365177897957818000
1365177898157790000
1365177898357751000
1365177898557716000
1365177898757677000
1365177898957640000
1365177899157604000
1365177899357567000
1365177899557572000
1365177899757490000
1365177899957474000
1365177900157439000
1365177900357379000
1365177900557342000
1365177900757329000
1365177900957260000
1365177901157231000
1365177901357203000
1365177901557159000
1365177901757122000
1365177901957075000
1365177902157046000
1365177902357013000
1365177902556983000
1365177902756934000
1365177902956889000
1365177903156858000
1365177903356821000
1365177903556806000
1365177903756762000
1365177903956703000
1365177904156678000
1365177904356653000
1365177904556617000
1365177904756562000
1365177904956514000
1365177905156488000
1365177905356464000
1365177905556413000
1365177905756701000
1365177905956331000
1365177906156304000
1365177906356289000
1365177906556232000
1365177906756191000
1365177906956154000
1365177907156177000
1365177907356094000
1365177907556051000
1365177907756005000
1365177907955960000
1365177908155940000
1365177908355908000
1365177908555859000
1365177908755854000
1365177908955790000
1365177909155746000
1365177909355827000
1365177909555755000
1365177909755633000
1365177909955594000
1365177910155564000
1365177910355526000
1365177910555487000
1365177910755458000
1365177910955403000
1365177911155386000
1365177911355341000
1365177911555301000
1365177911755265000
1365177911955217000
1365177912155189000
1365177912355170000
1365177912555115000
1365177912755080000
1365177912955030000
1365177913155005000
1365177913354966000
1365177913554930000
1365177913755147000
1365177913954853000
1365177914154815000
1365177914354780000
1365177914554779000
1365177914754708000
1365177914954661000
1365177915154630000
1365177915354593000
1365177915554588000
1365177915754520000
1365177915954482000
1365177916154446000
1365177916354412000
1365177916554376000
1365177916754335000
1365177916954298000
1365177917154265000
1365177917354242000
1365177917554203000
1365177917754149000
1365177917954102000
1365177918154090000
1365177918354052000
1365177918553999000
1365177918753962000
1365177918953927000
1365177919154312000
1365177919353852000
1365177919553833000
1365177919753776000
1365177919953734000
1365177920153707000
1365177920353665000
1365177920553628000
1365177920753596000
1365177920953553000
1365177921153517000
1365177921353481000
1365177921553445000
1365177921753410000
1365177921953362000
1365177922153332000
1365177922353296000
1365177922553257000
1365177922753221000
1365177922953181000
1365177923153149000
1365177923353125000
1365177923553072000
1365177923753036000
1365177923952997000
1365177924152963000
1365177924352924000
1365177924552891000
1365177924752853000
1365177924952815000
1365177925152774000
1365177925352743000
1365177925552713000
1365177925752673000
1365177925952618000
1365177926152590000
1365177926352553000
1365177926552515000
1365177926752499000
1365177926952440000
1365177927152633000
1365177927352599000
1365177927552333000
1365177927752482000
1365177927952249000
1365177928152221000
1365177928352181000
1365177928552143000
1365177928752105000
1365177928952061000
1365177929152039000
1365177929351997000
1365177929551962000
1365177929751920000
1365177929951885000
1365177930151847000
1365177930351808000
1365177930551777000
1365177930751736000
1365177930951697000
1365177931151689000
1365177931351624000
1365177931551610000
1365177931751564000
1365177931951507000
1365177932151475000
1365177932351437000
1365177932551403000
1365177932751364000
1365177932951321000
1365177933151294000
1365177933351263000
1365177933551219000
1365177933751191000
1365177933951143000
1365177934151105000
1365177934351070000
1365177934551069000
1365177934750994000
1365177934950956000
1365177935150918000
1365177935350882000
1365177935550870000
1365177935750810000
1365177935950773000
1365177936150737000
1365177936350888000
1365177936550661000
1365177936750624000
1365177936950576000
1365177937150767000
1365177937350513000
1365177937550473000
1365177937750449000
1365177937950421000
1365177938150362000
1365177938350326000
1365177938550287000
1365177938750303000
1365177938950215000
1365177939150177000
1365177939350139000
1365177939550103000
1365177939750070000
1365177939950019000
1365177940149991000
1365177940349977000
1365177940549919000
1365177940749885000
1365177940949843000
1365177941149814000
1365177941349774000
1365177941549750000
1365177941749695000
1365177941949664000
1365177942149620000
1365177942349583000
1365177942549545000
1365177942749511000
1365177942949471000
1365177943149451000
1365177943349399000
1365177943549363000
1365177943749323000
1365177943949289000
1365177944149249000
1365177944349217000
1365177944549174000
1365177944749138000
1365177944949116000
1365177945149067000
1365177945349028000
1365177945549003000
1365177945748944000
1365177945948909000
1365177946148883000
1365177946348842000
1365177946548824000
1365177946748833000
1365177946948720000
1365177947148693000
1365177947348655000
1365177947548618000
1365177947748582000
1365177947948546000
1365177948148539000
1365177948348468000
1365177948548435000
1365177948748401000
1365177948948369000
1365177949148326000
1365177949348278000
1365177949548288000
1365177949748213000
1365177949948166000
1365177950148137000
1365177950348098000
1365177950548076000
1365177950748035000
1365177950947998000
1365177951147953000
1365177951347915000
1365177951547922000
1365177951747839000
1365177951947800000
1365177952147782000
1365177952347729000
1365177952547691000
1365177952747655000
1365177952947618000
1365177953147683000
1365177953347558000
1365177953547505000
1365177953747472000
1365177953947440000
1365177954147397000
1365177954347358000
1365177954547323000
1365177954747284000
1365177954947251000
1365177955147214000
1365177955347189000
1365177955547137000
1365177955747107000
1365177955947066000
1365177956147154000
1365177956346990000
1365177956546951000
1365177956746914000
1365177956946875000
1365177957146840000
1365177957346805000
1365177957546764000
1365177957746741000
1365177957946684000
1365177958146646000
1365177958346611000
1365177958546583000
1365177958746542000
1365177958946500000
1365177959146572000
1365177959346489000
1365177959546397000
1365177959746377000
1365177959946314000
1365177960146299000
1365177960346291000
1365177960546207000
1365177960746282000
1365177960946126000
1365177961146114000
1365177961346115000
1365177961546053000
1365177961745985000
1365177961945972000
1365177962145910000
1365177962345876000
1365177962545838000
1365177962745802000
1365177962945761000
1365177963145758000
1365177963345686000
1365177963545651000
1365177963745632000
1365177963945639000
1365177964145538000
1365177964345506000
1365177964545466000
1365177964745429000
1365177964945389000
1365177965145359000
1365177965345318000
1365177965545279000
1365177965745245000
1365177965945197000
1365177966145171000
1365177966345133000
1365177966545095000
1365177966745057000
1365177966945012000
1365177967144983000
1365177967344966000
1365177967544910000
1365177967744863000
1365177967944838000
1365177968144798000
1365177968344782000
1365177968544726000
1365177968744688000
1365177968944642000
1365177969144612000
1365177969344578000
1365177969544540000
1365177969744503000
1365177969944460000
1365177970144432000
1365177970344409000
1365177970544354000
1365177970744316000
1365177970944282000
1365177971144244000
1365177971344222000
1365177971544262000
1365177971744132000
1365177971944086000
1365177972144056000
1365177972344020000
1365177972543984000
1365177972743947000
1365177972943905000
1365177973143899000
1365177973343851000
1365177973544203000
1365177973743761000
1365177973943715000
1365177974143691000
1365177974343665000
1365177974543611000
1365177974743575000
1365177974943535000
1365177975143583000
1365177975343465000
1365177975543440000
1365177975743389000
1365177975943344000
1365177976143319000
1365177976343277000
1365177976543247000
1365177976743197000
1365177976943160000
1365177977143160000
1365177977343094000
1365177977543055000
1365177977743044000
1365177977942977000
1365177978142944000
1365177978342908000
1365177978542872000
1365177978742834000
1365177978942787000
1365177979142762000
1365177979342723000
1365177979542688000
1365177979742650000
1365177979942606000
1365177980142580000
1365177980342536000
1365177980542503000
1365177980742463000
1365177980942425000
1365177981142432000
1365177981342353000
1365177981542316000
1365177981742291000
1365177981942232000
1365177982142233000
1365177982342170000
1365177982542153000
1365177982742096000
1365177982942046000
1365177983142024000
1365177983341981000
1365177983541945000
1365177983741920000
1365177983941864000
1365177984141835000
1365177984341795000
1365177984541774000
1365177984741721000
1365177984941674000
1365177985141648000
1365177985341610000
1365177985541599000
1365177985741538000
1365177985941492000
1365177986141466000
1365177986341426000
1365177986541389000
1365177986741352000
1365177986941304000
1365177987141276000
1365177987341239000
1365177987541207000
1365177987741169000
1365177987941148000
1365177988141096000
1365177988341059000
1365177988541021000
1365177988740985000
1365177988940937000
1365177989140904000
1365177989341147000
1365177989541722000
1365177989740793000
1365177989940752000
1365177990140736000
1365177990340684000
1365177990540646000
1365177990740608000
1365177990940564000
1365177991140536000
1365177991340502000
1365177991540462000
1365177991740415000
1365177991940382000
1365177992140349000
1365177992340314000
1365177992540275000
1365177992740254000
1365177992940242000
1365177993140182000
1365177993340427000
1365177993540092000
1365177993740055000
1365177993940009000
1365177994139979000
1365177994340212000
1365177994539948000
1365177994739869000
1365177994939827000
1365177995139796000
1365177995339763000
1365177995539721000
1365177995739730000
1365177995939647000
1365177996139610000
1365177996339573000
1365177996539539000
1365177996739499000
1365177996939454000
1365177997139424000
1365177997339389000
1365177997539352000
1365177997739314000
1365177997939274000
1365177998139238000
1365177998339203000
1365177998539163000
1365177998739129000
1365177998939084000
1365177999139053000
1365177999339014000
1365177999538977000
1365177999738942000
1365177999938904000
1365178000138877000
1365178000338836000
1365178000538798000
1365178000738759000
1365178000938750000
1365178001138685000
1365178001338647000
1365178001538616000
1365178001738574000
1365178001938541000
1365178002138506000
1365178002338462000
1365178002538447000
1365178002738387000
1365178002938345000
1365178003138332000
1365178003338274000
1365178003538244000
1365178003738202000
1365178003938157000
1365178004138144000
1365178004338096000
1365178004538055000
1365178004738014000
1365178004937981000
1365178005137945000
1365178005337931000
1365178005537916000
1365178005737832000
1365178005937785000
1365178006137756000
1365178006337720000
1365178006537686000
1365178006737645000
1365178006937601000
1365178007137571000
1365178007337533000
1365178007537533000
1365178007737460000
1365178007937426000
1365178008137398000
1365178008337389000
1365178008537312000
1365178008737276000
1365178008937231000
1365178009137204000
1365178009337177000
1365178009537127000
1365178009737093000
1365178009937043000
1365178010137016000
1365178010336993000
1365178010536944000
1365178010736908000
1365178010936859000
1365178011136841000
1365178011336793000
1365178011536758000
1365178011736718000
1365178011936675000
1365178012136646000
1365178012336609000
1365178012536563000
1365178012736549000
1365178012936498000
1365178013136464000
1365178013336426000
1365178013536406000
1365178013736349000
1365178013936304000
1365178014136274000
1365178014336239000
1365178014536228000
1365178014736163000
1365178014936120000
1365178015136098000
1365178015336054000
1365178015536411000
1365178015735980000
1365178015936001000
1365178016135907000
1365178016335869000
1365178016535862000
1365178016735792000
1365178016935748000
1365178017135741000
1365178017335682000
1365178017535644000
1365178017735611000
1365178017935564000
1365178018135547000
1365178018335501000
1365178018535459000
1365178018735427000
1365178018935381000
1365178019135351000
1365178019335318000
1365178019535277000
1365178019735230000
1365178019935194000
1365178020135155000
1365178020335126000
1365178020535091000
1365178020735053000
1365178020935015000
1365178021134984000
1365178021334941000
1365178021534929000
1365178021734867000
1365178021934829000
1365178022134795000
1365178022334758000
1365178022534720000
1365178022734683000
1365178022934639000
1365178023134608000
1365178023334593000
1365178023534533000
1365178023734500000
1365178023934452000
1365178024134421000
1365178024334387000
1365178024534353000
1365178024734314000
1365178024934267000
1365178025134239000
1365178025334203000
1365178025534162000
1365178025734227000
1365178025934093000
1365178026134052000
1365178026334017000
1365178026534065000
1365178026733941000
1365178026933900000
1365178027133867000
1365178027333833000
1365178027533811000
1365178027733757000
1365178027933719000
1365178028133684000
1365178028333645000
1365178028533611000
1365178028733571000
1365178028933534000
1365178029133502000
1365178029333897000
1365178029533424000
1365178029733393000
1365178029933447000
1365178030133313000
1365178030333276000
1365178030533243000
1365178030733204000
1365178030933167000
1365178031133137000
1365178031333109000
1365178031533057000
1365178031733055000
1365178031932981000
1365178032132935000
1365178032332907000
1365178032532871000
1365178032732850000
1365178032932785000
1365178033132759000
1365178033332720000
1365178033532696000
1365178033732646000
1365178033932603000
1365178034132572000
1365178034332537000
1365178034532498000
1365178034732463000
1365178034932415000
1365178035132420000
1365178035332362000
1365178035532311000
1365178035732280000
1365178035932229000
1365178036132419000
1365178036332165000
1365178036532129000
1365178036732092000
1365178036932046000
1365178037132017000
1365178037331982000
1365178037531942000
1365178037731903000
1365178037931861000
1365178038131845000
1365178038331794000
1365178038531770000
1365178038731735000
1365178038931675000
1365178039131644000
1365178039331609000
1365178039531578000
1365178039731535000
1365178039931491000
1365178040131464000
1365178040331423000
1365178040531386000
1365178040731353000
1365178040931339000
1365178041131276000
1365178041331238000
1365178041531204000
1365178041731170000
1365178041931119000
1365178042131090000
1365178042331052000
1365178042531017000
1365178042730981000
1365178042930933000
1365178043130916000
1365178043330874000
1365178043530830000
1365178043730802000
1365178043930748000
1365178044130721000
1365178044330683000
1365178044530647000
1365178044730624000
1365178044930563000
1365178045130534000
1365178045330520000
1365178045530522000
1365178045730423000
1365178045930390000
1365178046130348000
1365178046330332000
1365178046530278000
1365178046730298000
1365178046930213000
1365178047130164000
1365178047330135000
1365178047530092000
1365178047730058000
1365178047930007000
1365178048129996000
1365178048329942000
1365178048529907000
1365178048729871000
1365178048929821000
1365178049129795000
1365178049329759000
1365178049529722000
1365178049729687000
1365178049929646000
1365178050129609000
1365178050329576000
1365178050529534000
1365178050729532000
1365178050929454000
1365178051129423000
1365178051329389000
1365178051529349000
1365178051729313000
1365178051929269000
1365178052129236000
1365178052329202000
1365178052529166000
1365178052729129000
1365178052929081000
1365178053129067000
1365178053329019000
1365178053528996000
1365178053728960000
1365178053928904000
1365178054128869000
1365178054328849000
1365178054528796000
1365178054728773000
1365178054928719000
1365178055128685000
1365178055328647000
1365178055528606000
1365178055728571000
1365178055928548000
1365178056128496000
1365178056328462000
1365178056528438000
1365178056728389000
1365178056928343000
1365178057128316000
1365178057328276000
1365178057528240000
1365178057728204000
1365178057928167000
1365178058128133000
1365178058328096000
1365178058528053000
1365178058728018000
1365178058927979000
1365178059127942000
1365178059327903000
1365178059527865000
1365178059727830000
1365178059927793000
1365178060127766000
1365178060327720000
1365178060527770000
1365178060727668000
1365178060927622000
1365178061127585000
1365178061327538000
1365178061527533000
1365178061727464000
1365178061927415000
1365178062127400000
1365178062327351000
1365178062527313000
1365178062727277000
1365178062927230000
1365178063127220000
1365178063327163000
1365178063527135000
1365178063727091000
1365178063927044000
1365178064127018000
1365178064326977000
1365178064526944000
1365178064726932000
1365178064926862000
1365178065126833000
1365178065326797000
1365178065526764000
1365178065726715000
1365178065926679000
1365178066126647000
1365178066326611000
1365178066526570000
1365178066726536000
1365178066926488000
1365178067126689000
1365178067326450000
1365178067526387000
1365178067726356000
1365178067926303000
1365178068126278000
1365178068326243000
1365178068526232000
1365178068726428000
1365178068926121000
1365178069126088000
1365178069326065000
1365178069526154000
1365178069725995000
1365178069926131000
1365178070125922000
1365178070325969000
1365178070525832000
1365178070725796000
1365178070925749000
1365178071125721000
1365178071325681000
1365178071525648000
1365178071725612000
1365178071925564000
1365178072125538000
1365178072325531000
1365178072525461000
1365178072725423000
1365178072925377000
1365178073125350000
1365178073325314000
1365178073525276000
1365178073725240000
1365178073925199000
1365178074125177000
1365178074325159000
1365178074525089000
1365178074725052000
1365178074925008000
1365178075124996000
1365178075324946000
1365178075524905000
1365178075724871000
1365178075924821000
1365178076124793000
1365178076324772000
1365178076524719000
1365178076724683000
1365178076924643000
1365178077124610000
1365178077324572000
1365178077524536000
1365178077724490000
1365178077924452000
1365178078124424000
1365178078324390000
1365178078524354000
1365178078724311000
1365178078924278000
1365178079124242000
1365178079324207000
1365178079524164000
1365178079724125000
1365178079924082000
1365178080124056000
1365178080324043000
1365178080523993000
1365178080723945000
1365178080923895000
1365178081123868000
1365178081323829000
1365178081523794000
1365178081723757000
1365178081923713000
1365178082123688000
1365178082323653000
1365178082523611000
1365178082723602000
1365178082923526000
1365178083123515000
1365178083323458000
1365178083523424000
1365178083723389000
1365178083923341000
1365178084123319000
1365178084323278000
1365178084523238000
1365178084723201000
1365178084923155000
1365178085123126000
1365178085323090000
1365178085523055000
1365178085723017000
1365178085922977000
1365178086122942000
1365178086322908000
1365178086522868000
1365178086722836000
1365178086922785000
1365178087122758000
1365178087322723000
1365178087522682000
1365178087722648000
1365178087922602000
1365178088122594000
1365178088322536000
1365178088522500000
1365178088722477000
1365178088922416000
1365178089122386000
1365178089322353000
1365178089522329000
1365178089722278000
1365178089922230000
1365178090122201000
1365178090322183000
1365178090522130000
1365178090722090000
1365178090922046000
1365178091122017000
1365178091321991000
1365178091521941000
1365178091721907000
1365178091921862000
1365178092121838000
1365178092321797000
1365178092521773000
1365178092721782000
1365178092921677000
1365178093121648000
1365178093321612000
1365178093521571000
1365178093721548000
1365178093921489000
1365178094121465000
1365178094321425000
1365178094521388000
1365178094721356000
1365178094921305000
1365178095121293000
1365178095321240000
1365178095521224000
1365178095721167000
1365178095921122000
1365178096121091000
1365178096321059000
1365178096521015000
1365178096721218000
1365178096920936000
1365178097120923000
1365178097320872000
1365178097521009000
1365178097720795000
1365178097920749000
1365178098120723000
1365178098320683000
1365178098520648000
1365178098720609000
1365178098920564000
1365178099120544000
1365178099320499000
1365178099520460000
1365178099720439000
1365178099920383000
1365178100120352000
1365178100320320000
1365178100520286000
1365178100720253000
1365178100920197000
1365178101120169000
1365178101320143000
1365178101520091000
1365178101720056000
1365178101920015000
1365178102120014000
1365178102319944000
1365178102519911000
1365178102719875000
1365178102919824000
1365178103119814000
1365178103319759000
1365178103519722000
1365178103719686000
1365178103919650000
1365178104119613000
1365178104319575000
1365178104519541000
1365178104719501000
1365178104919456000
1365178105119422000
1365178105319389000
1365178105519352000
1365178105719315000
1365178105919270000
1365178106119240000
1365178106319204000
1365178106519167000
1365178106719136000
1365178106919086000
1365178107119057000
1365178107319020000
1365178107519024000
1365178107718944000
1365178107918902000
1365178108118870000
1365178108318835000
1365178108518811000
1365178108718782000
1365178108918919000
1365178109118692000
1365178109318652000
1365178109518612000
1365178109718581000
1365178109918529000
1365178110118502000
1365178110318499000
1365178110518445000
1365178110718393000
1365178110918355000
1365178111118318000
1365178111318313000
1365178111518235000
1365178111718207000
1365178111918361000
1365178112118133000
1365178112318177000
1365178112518076000
1365178112718058000
1365178112917986000
1365178113117948000
1365178113317914000
1365178113517874000
1365178113717837000
1365178113917802000
1365178114117761000
1365178114317728000
1365178114517741000
1365178114717665000
1365178114917605000
1365178115117579000
1365178115317538000
1365178115517521000
1365178115717483000
1365178115917419000
1365178116117412000
1365178116317357000
1365178116517318000
1365178116717280000
1365178116917238000
1365178117117206000
1365178117317173000
1365178117517132000
1365178117717099000
1365178117917050000
1365178118117023000
1365178118316985000
1365178118516948000
1365178118716912000
1365178118916866000
1365178119116839000
1365178119316820000
1365178119516766000
1365178119716729000
1365178119916685000
1365178120116659000
1365178120316625000
1365178120516581000
1365178120716543000
1365178120916514000
1365178121116468000
1365178121316431000
1365178121516393000
1365178121716356000
1365178121916328000
1365178122116281000
1365178122316463000
1365178122516209000
1365178122716173000
1365178122916149000
1365178123116118000
1365178123316062000
1365178123516059000
1365178123715986000
1365178123915943000
1365178124115951000
1365178124315876000
1365178124515851000
1365178124715807000
1365178124915764000
1365178125115772000
1365178125315690000
1365178125515655000
1365178125715623000
1365178125915573000
1365178126115547000
1365178126315510000
1365178126515473000
1365178126715459000
1365178126915401000
1365178127115357000
1365178127315321000
1365178127515283000
1365178127715410000
1365178127915205000
1365178128115176000
1365178128315155000
1365178128515110000
1365178128715064000
1365178128915028000
1365178129114991000
1365178129314954000
1365178129514915000
1365178129714885000
1365178129914836000
1365178130114805000
1365178130314769000
1365178130514733000
1365178130714693000
1365178130914662000
1365178131114620000
1365178131314583000
1365178131514551000
1365178131714525000
1365178131914491000
1365178132114436000
1365178132314401000
1365178132514362000
1365178132714326000
1365178132914288000
1365178133114248000
1365178133314212000
1365178133514181000
1365178133714143000
1365178133914101000
1365178134114071000
1365178134314032000
1365178134513992000
1365178134713955000
1365178134913920000
1365178135113880000
1365178135313845000
1365178135513832000
1365178135713769000
1365178135913726000
1365178136113696000
1365178136313677000
1365178136513639000
1365178136713682000
1365178136913551000
1365178137113623000
1365178137313474000
1365178137513440000
1365178137713403000
1365178137913361000
1365178138113328000
1365178138313289000
1365178138513614000
1365178138713224000
1365178138913195000
1365178139113140000
1365178139313105000
1365178139513075000
1365178139713031000
1365178139912992000
1365178140112968000
1365178140312920000
1365178140512884000
1365178140712846000
1365178140912808000
1365178141112772000
1365178141312739000
1365178141512773000
1365178141712654000
1365178141912645000
1365178142112591000
1365178142312553000
1365178142512516000
1365178142712476000
1365178142912441000
1365178143112408000
1365178143312371000
1365178143512331000
1365178143712294000
1365178143912249000
1365178144112220000
1365178144312184000
1365178144512151000
1365178144712140000
1365178144912071000
1365178145112051000
1365178145311995000
1365178145511962000
1365178145711923000
1365178145911885000
1365178146111851000
1365178146311816000
1365178146511778000
1365178146711740000
1365178146911695000
1365178147111668000
1365178147311638000
1365178147511609000
1365178147711563000
1365178147911519000
1365178148111486000
1365178148311445000
1365178148511421000
1365178148711367000
1365178148911331000
1365178149111298000
1365178149311262000
1365178149511222000
1365178149711186000
1365178149911154000
1365178150111115000
1365178154910226000
1365178155110189000
1365178155310150000
1365178155510162000
1365178155710078000
1365178155910042000
1365178156110004000
1365178156309968000
1365178156509931000
1365178156709892000
1365178156909898000
1365178157109823000
1365178157309781000
1365178157509764000
1365178157709711000
1365178157909672000
1365178158109635000
1365178158309599000
1365178158509562000
1365178158709527000
1365178158909486000
1365178159109488000
1365178159309549000
1365178159509375000
1365178159709363000
1365178159909305000
1365178160109268000
1365178160309230000
1365178160509195000
1365178160709171000
1365178160909121000
1365178161109083000
1365178161309065000
1365178161509006000
1365178161708970000
1365178161908934000
1365178162108895000
1365178162308866000
1365178162508822000
1365178162708784000
1365178162908752000
1365178163108729000
1365178163308674000
1365178163508642000
1365178163708604000
1365178163908555000
1365178164108534000
1365178164308491000
1365178164508457000
1365178164708420000
1365178164908408000
1365178165108343000
1365178165308307000
1365178165508273000
1365178165708237000
1365178165908199000
1365178166108168000
1365178166308123000
1365178166508096000
1365178166708051000
1365178166908043000
1365178167107975000
1365178167307938000
1365178167507900000
1365178167707865000
1365178167907832000
1365178168107790000
1365178168307753000
1365178168507751000
1365178168707679000
1365178168907643000
1365178169107607000
1365178169307570000
1365178169507533000
1365178169707499000
1365178169907463000
1365178170107476000
1365178170307384000
1365178170507348000
1365178170707339000
1365178170907284000
1365178171107259000
1365178171307200000
1365178171507167000
1365178171707128000
1365178171907091000
1365178172107054000
1365178172307021000
1365178172506979000
1365178172706967000
1365178172906908000
1365178173106868000
1365178173306833000
1365178173506799000
1365178173706935000
1365178173906719000
1365178174106707000
1365178174306657000
1365178174506611000
1365178174706579000
1365178174906535000
1365178175106499000
1365178175306460000
1365178175506428000
1365178175706392000
1365178175906355000
1365178176106314000
1365178176306280000
1365178176506245000
1365178176706205000
1365178176906169000
1365178177106128000
1365178177306123000
1365178177506056000
1365178177706019000
1365178177906005000
1365178178105949000
1365178178305909000
1365178178505908000
1365178178705857000
1365178178905799000
1365178179105760000
1365178179305725000
1365178179505694000
1365178179705677000
1365178179905614000
1365178180105596000
1365178180305558000
1365178180505502000
1365178180705466000
1365178180905430000
1365178181105401000
1365178181305357000
1365178181505317000
1365178181705282000
1365178181905247000
1365178182105208000
1365178182305196000
1365178182505132000
1365178182705096000
1365178182905062000
1365178183105023000
1365178183304988000
1365178183504951000
1365178183704913000
1365178183904880000
1365178184104840000
1365178184304803000
1365178184504760000
1365178184704730000
1365178184904694000
1365178185104655000
1365178185304621000
1365178185504583000
1365178185704544000
1365178185904508000
1365178186104483000
1365178186304455000
1365178186504395000
1365178186704371000
1365178186904327000
1365178187104313000
1365178187304250000
1365178187504212000
1365178187704173000
1365178187904137000
1365178188104101000
1365178188304068000
1365178188504030000
1365178188703991000
1365178188903956000
1365178189103921000
1365178189303881000
1365178189503845000
1365178189703816000
1365178189903777000
1365178190103754000
1365178190303698000
1365178190503661000
1365178190703625000
1365178190903610000
1365178191103549000
1365178191303511000
1365178191503476000
1365178191703443000
1365178191903402000
1365178192103367000
1365178192303328000
1365178192503289000
1365178192703256000
1365178192903217000
1365178193103184000
1365178193303161000
1365178193503109000
1365178193703071000
1365178193903035000
1365178194103242000
1365178194302959000
1365178194502925000
1365178194702887000
1365178194902848000
1365178195102812000
1365178195302776000
1365178195502736000
1365178195702703000
1365178195902665000
1365178196102619000
1365178196302589000
1365178196502559000
1365178196702521000
1365178196902481000
1365178197102444000
1365178197302405000
1365178197502372000
1365178197702326000
1365178197902294000
1365178198102257000
1365178198302220000
1365178198502190000
1365178198702144000
1365178198902109000
1365178199102074000
1365178199302053000
1365178199501999000
1365178199701966000
1365178199901927000
1365178200101892000
1365178200301856000
1365178200501836000
1365178200701794000
1365178200901743000
1365178201101705000
1365178201301669000
1365178201501631000
1365178201701593000
1365178201901559000
1365178202101522000
1365178202301485000
1365178202501484000
1365178202701411000
1365178202901373000
1365178203101336000
1365178203301300000
1365178203501261000
1365178203701229000
1365178203901203000
1365178204101154000
1365178204301113000
1365178204501077000
1365178204701040000
1365178204901007000
1365178205100972000
1365178205300933000
1365178205500905000
1365178205700856000
1365178205900827000
1365178206100784000
1365178206300748000
1365178206500747000
1365178206700673000
1365178206900637000
1365178207100613000
1365178207300575000
1365178207500533000
1365178207700491000
1365178207900451000
1365178208100417000
1365178208300381000
1365178208500342000
1365178208700304000
1365178208900284000
1365178209100233000
1365178209300193000
1365178209500157000
1365178209700120000
1365178209900083000
1365178210100051000
1365178210300012000
1365178210499977000
1365178210699936000
1365178210899900000
1365178211099862000
1365178211299825000
1365178211499792000
1365178211699751000
1365178211899716000
1365178212099679000
1365178212299644000
1365178212499606000
1365178212699568000
1365178212899537000
1365178213099494000
1365178213299457000
1365178213499418000
1365178213699384000
1365178213899344000
1365178214099323000
1365178214299271000
1365178214499235000
1365178214699202000
1365178214899165000
1365178215099141000
1365178215299085000
1365178215499050000
1365178215699048000
1365178215898978000
1365178216098940000
1365178216298904000
1365178216498871000
1365178216698829000
1365178216898799000
1365178217098756000
1365178217298730000
1365178217498685000
1365178217698645000
1365178217898607000
1365178218098570000
1365178218298535000
1365178218498509000
1365178218698462000
1365178218898423000
1365178219098388000
1365178219298361000
1365178219498325000
1365178219698274000
1365178219898279000
1365178220098220000
1365178220298164000
1365178220498130000
1365178220698092000
1365178220898053000
1365178221098025000
1365178221297982000
1365178221497945000
1365178221697906000
1365178221897869000
1365178222097836000
1365178222297797000
1365178222497762000
1365178222697721000
1365178222897684000
1365178223097650000
1365178223297611000
1365178223497574000
1365178223697554000
1365178223897504000
1365178224097466000
1365178224297444000
1365178224497390000
1365178224697361000
1365178224897323000
1365178225097282000
1365178225297244000
1365178225497205000
1365178225697169000
1365178225897132000
1365178226097147000
1365178226297059000
1365178226497023000
1365178226697018000
1365178226896952000
1365178227096918000
1365178227296886000
1365178227496836000
1365178227696800000
1365178227896765000
1365178228096721000
1365178228296691000
1365178228496658000
1365178228696618000
1365178228896579000
1365178229096545000
1365178229296504000
1365178229496470000
1365178229696437000
1365178229896395000
1365178230096387000
1365178230296323000
1365178230496289000
1365178230696246000
1365178230896227000
1365178231096188000
1365178231296143000
1365178231496098000
1365178231696077000
1365178231896064000
1365178232095992000
1365178232295952000
1365178232495937000
1365178232696143000
1365178232895858000
1365178233095898000
1365178233295765000
1365178233495743000
1365178233695692000
1365178233895659000
1365178234095686000
1365178234295580000
1365178234495565000
1365178234695508000
1365178234895473000
1365178235095438000
1365178235295401000
1365178235495358000
1365178235695325000
1365178235895308000
1365178236095261000
1365178236295213000
1365178236495219000
1365178236695144000
1365178236895096000
1365178237095077000
1365178237295050000
1365178237494994000
1365178237694957000
1365178237894918000
1365178238094881000
1365178238294861000
1365178238494812000
1365178238694772000
1365178238894736000
1365178239094696000
1365178239294665000
1365178239494628000
1365178239694585000
1365178239894565000
1365178240094514000
1365178240294480000
1365178240494433000
1365178240694402000
1365178240894370000
1365178241094327000
1365178241294294000
1365178241494254000
1365178241694230000
1365178241894186000
1365178242094143000
1365178242294108000
1365178242494070000
1365178242694037000
1365178242893998000
1365178243093960000
1365178243293926000
1365178243493899000
1365178243693850000
1365178243893816000
1365178244093775000
1365178244293743000
1365178244493732000
1365178244693678000
1365178244893630000
1365178245093591000
1365178245293556000
1365178245493519000
1365178245693480000
1365178245893444000
1365178246093409000
1365178246293376000
1365178246493335000
1365178246693298000
1365178246893414000
1365178247093222000
1365178247293208000
1365178247493151000
1365178247693110000
1365178247893091000
1365178248093041000
1365178248293136000
1365178248492966000
1365178248692930000
1365178248892894000
1365178249092854000
1365178249292837000
1365178249492779000
1365178249692955000
1365178249892709000
1365178250092670000
1365178250292639000
1365178250492611000
1365178250692571000
1365178250892524000
1365178251092498000
1365178251292452000
1365178251492412000
1365178251692376000
1365178251892364000
1365178252092300000
1365178252292254000
1365178252492229000
1365178252692192000
1365178252892153000
1365178253092114000
1365178253292084000
1365178253492046000
1365178253692006000
1365178253891969000
1365178254091930000
1365178254291895000
1365178254491859000
1365178254691822000
1365178254891789000
1365178255091748000
1365178255291713000
1365178255491710000
1365178255691647000
1365178255891600000
1365178256091565000
1365178256291533000
1365178256491492000
1365178256691453000
1365178256891415000
1365178257091377000
1365178257291345000
1365178257491307000
1365178257691273000
1365178257891233000
1365178258091194000
1365178258291169000
1365178258491120000
1365178258691087000
1365178258891050000
1365178259091010000
1365178259290972000
1365178259490941000
1365178259690906000
1365178259890861000
1365178260090828000
1365178260290789000
1365178260490753000
1365178260690716000
1365178260890676000
1365178261090643000
1365178261290605000
1365178261490569000
1365178261690533000
1365178261890496000
1365178262090493000
1365178262290424000
1365178262490383000
1365178262690351000
1365178262890312000
1365178263090272000
1365178263290242000
1365178263490199000
1365178263690183000
1365178263890133000
1365178264090116000
1365178264290051000
1365178264490013000
1365178264689985000
1365178264889947000
1365178265089907000
1365178265289870000
1365178265489834000
1365178265689795000
1365178265889787000
1365178266089726000
1365178266289689000
1365178266489646000
1365178266689615000
1365178266889582000
1365178267089620000
1365178267289514000
1365178267489476000
1365178267689427000
1365178267889389000
1365178268089353000
1365178268289317000
1365178268489280000
1365178268689234000
1365178268889210000
1365178269089172000
1365178269289147000
1365178269489096000
1365178269689059000
1365178269889018000
1365178270089304000
1365178270288945000
1365178270488937000
1365178270688873000
1365178270888845000
1365178271088813000
1365178271289246000
1365178271488725000
1365178271688786000
1365178271888653000
1365178272088640000
1365178272288581000
1365178272488541000
1365178272688508000
1365178272888468000
1365178273088437000
1365178273288399000
1365178273488358000
1365178273688322000
1365178273888285000
1365178274088249000
1365178274288218000
1365178274488170000
1365178274688143000
1365178274888125000
1365178275088063000
1365178275288026000
1365178275487989000
1365178275687967000
1365178275887918000
1365178276087883000
1365178276287846000
1365178276487805000
1365178276687771000
1365178276887730000
1365178277087693000
1365178277287655000
1365178277487617000
1365178277687584000
1365178277887549000
1365178278087510000
1365178278287473000
1365178278487438000
1365178278687447000
1365178278887418000
1365178279087324000
1365178279287301000
1365178279487310000
1365178279687216000
1365178279887178000
1365178280087147000
1365178280287108000
1365178280487075000
1365178280687062000
1365178280886993000
1365178281086983000
1365178281286921000
1365178281486889000
1365178281686863000
1365178281886807000
1365178282086771000
1365178282286739000
1365178282486727000
1365178282686663000
1365178282886623000
1365178283086589000
1365178283286602000
1365178283486515000
1365178283686498000
1365178283886439000
1365178284086418000
1365178284286378000
1365178284486329000
1365178284686324000
1365178284886257000
1365178285086256000
1365178285286210000
1365178285486146000
1365178285686111000
1365178285886069000
1365178286086054000
1365178286286013000
1365178286485998000
1365178286685927000
1365178286885938000
1365178287085874000
1365178287285810000
1365178287485777000
1365178287685739000
1365178287885704000
1365178288085665000
1365178288285907000
1365178288485595000
1365178288685562000
1365178288885519000
1365178289085482000
1365178289285473000
1365178289485409000
1365178289685374000
1365178289885336000
1365178290085297000
1365178290285264000
1365178290485227000
1365178290685193000
1365178290885187000
1365178291085117000
1365178291285093000
1365178291485044000
1365178291685004000
1365178291884962000
1365178292084931000
1365178292284896000
1365178292484858000
1365178292684818000
1365178292884858000
1365178293084744000
1365178293284716000
1365178293484670000
1365178293684642000
1365178293884602000
1365178294084579000
1365178294284524000
1365178294484485000
1365178294684463000
1365178294884404000
1365178295084375000
1365178295284341000
1365178295484303000
1365178295684268000
1365178295884230000
1365178296084211000
1365178296284158000
1365178296484122000
1365178296684085000
1365178296884046000
1365178297083999000
1365178297283970000
1365178297484172000
1365178297683897000
1365178297883860000
1365178298084239000
1365178298283818000
1365178298483749000
1365178298683713000
1365178298883678000
1365178299083643000
1365178299283604000
1365178299483569000
1365178299683528000
1365178299883492000
1365178300083462000
1365178300283418000
1365178300483385000
1365178300683349000
1365178300883309000
1365178301083293000
1365178301283235000
1365178301483197000
1365178301683159000
1365178301883140000
1365178302083086000
1365178302283051000
1365178302483030000
1365178302683002000
1365178302882941000
1365178303082904000
1365178303282883000
1365178303482841000
1365178303682791000
1365178303882757000
1365178304082720000
1365178304282699000
1365178304482644000
1365178304682606000
1365178304882569000
1365178305082550000
1365178305282499000
1365178305482700000
1365178305682423000
1365178305882392000
1365178306082405000
1365178306282312000
1365178306482275000
1365178306682244000
1365178306882205000
1365178307082169000
1365178307282145000
1365178307482091000
1365178307682059000
1365178307882019000
1365178308081983000
1365178308281944000
1365178308481910000
1365178308681874000
1365178308881835000
1365178309081793000
1365178309281761000
1365178309481725000
1365178309681685000
1365178309881648000
1365178310081609000
1365178310281577000
1365178310481545000
1365178310681504000
1365178310881481000
1365178311081430000
1365178311281395000
1365178311481357000
1365178311681322000
1365178311881282000
1365178312081249000
1365178312281211000
1365178312481175000
1365178312681132000
1365178312881102000
1365178313081075000
1365178313281024000
1365178313480986000
1365178313680953000
1365178313880965000
1365178314080875000
1365178314281029000
1365178314480802000
1365178314680782000
1365178314880734000
1365178315080692000
1365178315280656000
1365178315480647000
1365178315680579000
1365178315880548000
1365178316080502000
1365178316280473000
1365178316480433000
1365178316680402000
1365178316880363000
1365178317080323000
1365178317280288000
1365178317480266000
1365178317680215000
1365178317880179000
1365178318080164000
1365178318280107000
1365178318480065000
1365178318680041000
1365178318879992000
1365178319079958000
1365178319279920000
1365178319479885000
1365178319679844000
1365178319879806000
1365178320079768000
1365178320279733000
1365178320479712000
1365178320679660000
1365178320879684000
1365178321079578000
1365178321279552000
1365178321479513000
1365178321679477000
1365178321879441000
1365178322079403000
1365178322279367000
1365178322479329000
1365178322679309000
1365178322879255000
1365178323079218000
1365178323279183000
1365178323479145000
1365178323679107000
1365178323879073000
1365178324079047000
1365178324278999000
1365178324478959000
1365178324678923000
1365178324878890000
1365178325078868000
1365178325278813000
1365178325478792000
1365178325678742000
1365178325878713000
1365178326078664000
1365178326278631000
1365178326478592000
1365178326678555000
1365178326878520000
1365178327078500000
1365178327278447000
1365178327478412000
1365178327678380000
1365178327878336000
1365178328078325000
1365178328278259000
1365178328478226000
1365178328678188000
1365178328878148000
1365178329078178000
1365178329278076000
1365178329478041000
1365178329678006000
1365178329877967000
1365178330077958000
1365178330277892000
1365178330477879000
1365178330677821000
1365178330877781000
1365178331077745000
1365178331277727000
1365178331477670000
1365178331677638000
1365178331877600000
1365178332077641000
1365178332277522000
1365178332477487000
1365178332677462000
1365178332877412000
1365178333077379000
1365178333277423000
1365178333477324000
1365178333677271000
1365178333877228000
1365178334077260000
1365178334277159000
1365178334477123000
1365178334677093000
1365178334877049000
1365178335077010000
1365178335276973000
1365178335476934000
1365178335676899000
1365178335876876000
1365178336076856000
1365178336276798000
1365178336476752000
1365178336676717000
1365178336876676000
1365178337076644000
1365178337276606000
1365178337476603000
1365178337676573000
1365178337876525000
1365178338076460000
1365178338276418000
1365178338476381000
1365178338676349000
1365178338876310000
1365178339076271000
1365178339276236000
1365178339476200000
1365178339676162000
1365178339876123000
1365178340076133000
1365178340276050000
1365178340476216000
1365178340675976000
1365178340875955000
1365178341075904000
1365178341275868000
1365178341475859000
1365178341675791000
1365178341875756000
1365178342075812000
1365178342275684000
1365178342475648000
1365178342676059000
1365178342875572000
1365178343075570000
1365178343275502000
1365178343475463000
1365178343675436000
1365178343875633000
1365178344075367000
1365178344275315000
1365178344475278000
1365178344675243000
1365178344875204000
1365178345075188000
1365178345275134000
1365178345475097000
1365178345675056000
1365178345875022000
1365178346074982000
1365178346274948000
1365178346474909000
1365178346674872000
1365178346874846000
1365178347074813000
1365178347274759000
1365178347474723000
1365178347674705000
1365178347874653000
1365178348074615000
1365178348274578000
1365178348474541000
1365178348674522000
1365178348874466000
1365178349074432000
1365178349274396000
1365178349474368000
1365178349674320000
1365178349874284000
1365178350074285000
1365178350274207000
1365178350474175000
1365178350674135000
1365178350874098000
1365178351074060000
1365178351274023000
1365178351473988000
1365178351673950000
1365178351874074000
1365178352073896000
1365178352273840000
1365178352473807000
1365178352673783000
1365178352873732000
1365178353073697000
1365178353273655000
1365178353473622000
1365178353673584000
1365178353873582000
1365178354073501000
1365178354273554000
1365178354473438000
1365178354673398000
1365178354873361000
1365178355073325000
1365178355273290000
1365178355473255000
1365178355673214000
1365178355873211000
1365178356073143000
1365178356273108000
1365178356473079000
1365178356673028000
1365178356872994000
1365178357072960000
1365178357272919000
1365178357472884000
1365178357672839000
1365178357872811000
1365178358072797000
1365178358272738000
1365178358472702000
1365178358672664000
1365178358872624000
1365178359072593000
1365178359272554000
1365178359472513000
1365178359672501000
1365178359872431000
1365178360072405000
1365178360272370000
1365178360472336000
1365178360672295000
1365178360872259000
1365178361072220000
1365178361272183000
1365178361472150000
1365178361672109000
1365178361872072000
1365178362072047000
1365178362271999000
1365178362471965000
1365178362671923000
1365178362871891000
1365178363071854000
1365178363271815000
1365178363471780000
1365178363671998000
1365178363871704000
1365178364071696000
1365178364271633000
1365178364471594000
1365178364671561000
1365178364871523000
1365178365071481000
1365178365271460000
1365178365471411000
1365178365671375000
1365178365871347000
1365178366071299000
1365178366271268000
1365178366471240000
1365178366671190000
1365178366871152000
1365178367071131000
1365178367271077000
1365178367471046000
1365178367671007000
1365178367870967000
1365178368070931000
1365178368270887000
1365178368470857000
1365178368670819000
1365178368870785000
1365178369070747000
1365178369270715000
1365178369470676000
1365178369670636000
1365178369870600000
1365178370070567000
1365178370270525000
1365178370470488000
1365178370670450000
1365178370870419000
1365178371070377000
1365178371270341000
1365178371470307000
1365178371670275000
1365178371870232000
1365178372070209000
1365178372270156000
1365178372470139000
1365178372670090000
1365178372870051000
1365178373070012000
1365178373269972000
1365178373469947000
1365178373669900000
1365178373869862000
1365178374069826000
1365178374269803000
1365178374469752000
1365178374669717000
1365178374869679000
1365178375069832000
1365178375269609000
1365178375469569000
1365178375669531000
1365178375869493000
1365178376069459000
1365178376269434000
1365178376469385000
1365178376669348000
1365178376869321000
1365178377069275000
1365178377269236000
1365178377469199000
1365178377669159000
1365178377869130000
1365178378069090000
1365178378269053000
1365178378469016000
1365178378668984000
1365178378868940000
1365178379068918000
1365178379268896000
1365178379468926000
1365178379668796000
1365178379868760000
1365178380068723000
1365178380268742000
1365178380468648000
1365178380668610000
1365178380868572000
1365178381068534000
1365178381268625000
1365178381468467000
1365178381668428000
1365178381868390000
1365178382068389000
1365178382268316000
1365178382468307000
1365178382668240000
1365178382868203000
1365178383068182000
1365178383268133000
1365178383468097000
1365178383668071000
1365178383868021000
1365178384067997000
1365178384267965000
1365178384467911000
1365178384667876000
1365178384867828000
1365178385067803000
1365178385267766000
1365178385467759000
1365178385667693000
1365178385867663000
1365178386067619000
1365178386267583000
1365178386467559000
1365178386667508000
1365178386867471000
1365178387067432000
1365178387267398000
1365178387467388000
1365178387667340000
1365178387867330000
1365178388067250000
1365178388267212000
1365178388467175000
1365178388667140000
1365178388867142000
1365178389067061000
1365178389267027000
1365178389466998000
1365178389666975000
1365178389866914000
1365178390066884000
1365178390266862000
1365178390466826000
1365178390666774000
1365178390867985000
1365178391066696000
1365178391266688000
1365178391466635000
1365178391666589000
1365178391866552000
1365178392066519000
1365178392266476000
1365178392466444000
1365178392666409000
1365178392866404000
1365178393066331000
1365178393266293000
1365178393466257000
1365178393666248000
1365178393866186000
1365178394066144000
1365178394266126000
1365178394466091000
1365178394666051000
1365178394865994000
1365178395065975000
1365178395265927000
1365178395465888000
1365178395665848000
1365178395865813000
1365178396065820000
1365178396265758000
1365178396465704000
1365178396665666000
1365178396865629000
1365178397065604000
1365178397265554000
1365178397465522000
1365178397665483000
1365178397865445000
1365178398065411000
1365178398265370000
1365178398465334000
1365178398665303000
1365178398865260000
1365178399065220000
1365178399265185000
1365178399465151000
1365178399665129000
1365178399865085000
1365178400065041000
1365178400265002000
1365178400464967000
1365178400664942000
1365178400864907000
1365178401064857000
1365178401264817000
1365178401464780000
1365178401664745000
1365178401864711000
1365178402064674000
1365178402264640000
1365178402464613000
1365178402664560000
1365178402864522000
1365178403064494000
1365178403264466000
1365178403464415000
1365178403664394000
1365178403864339000
1365178404064321000
1365178404264272000
1365178404464231000
1365178404664195000
1365178404864161000
1365178405064118000
1365178405264082000
1365178405464045000
1365178405664011000
1365178405863997000
1365178406063930000
1365178406263896000
1365178406463860000
1365178406663848000
1365178406863791000
1365178407063751000
1365178407263718000
1365178407463681000
1365178407663643000
1365178407863608000
1365178408063567000
1365178408263534000
1365178408463495000
1365178408663456000
1365178408863419000
1365178409063390000
1365178409263344000
1365178409463313000
1365178409663274000
1365178409863238000
1365178410063200000
1365178410263166000
1365178410463126000
1365178410663090000
1365178410863050000
1365178411063014000
1365178411262977000
1365178411462944000
1365178411662971000
1365178411862865000
1365178412062838000
1365178412262792000
1365178412462762000
1365178412662723000
1365178412862698000
1365178413062647000
1365178413262608000
1365178413462599000
1365178413662534000
1365178413862522000
1365178414062488000
1365178414262428000
1365178414462404000
1365178414662458000
1365178414862326000
1365178415062280000
1365178415262342000
1365178415462204000
1365178415662170000
1365178415862136000
1365178416062306000
1365178416262056000
1365178416462018000
1365178416661981000
1365178416861947000
1365178417061923000
1365178417261873000
1365178417461838000
1365178417661802000
1365178417861763000
1365178418061724000
1365178418261689000
1365178418461649000
1365178418661617000
1365178418861581000
1365178419061556000
1365178419261506000
1365178419461469000
1365178419661431000
1365178419861412000
1365178420061383000
1365178420261322000
1365178420461285000
1365178420661250000
1365178420861212000
1365178421061164000
1365178421261137000
1365178421461102000
1365178421661061000
1365178421861030000
1365178422061018000
1365178422260950000
1365178422460915000
1365178422660880000
1365178422860833000
1365178423060805000
1365178423260770000
1365178423460733000
1365178423660701000
1365178423860661000
1365178424060622000
1365178424260584000
1365178424460550000
1365178424660511000
1365178424860494000
1365178425060434000
1365178425260401000
1365178425460361000
1365178425660329000
1365178425860308000
1365178426060256000
1365178426260217000
1365178426460178000
1365178426660144000
1365178426860117000
1365178427060068000
1365178427260036000
1365178427459996000
1365178427659958000
1365178427859922000
1365178428059886000
1365178428259851000
1365178428459830000
1365178428659793000
1365178428859760000
1365178429059702000
1365178429259667000
1365178429459629000
1365178429659590000
1365178429859557000
1365178430059518000
1365178430259493000
1365178430459442000
1365178430659402000
1365178430859382000
1365178431059334000
1365178431259294000
1365178431459261000
1365178431659223000
1365178431859194000
1365178432059149000
1365178432259133000
1365178432459085000
1365178432659037000
1365178432858999000
1365178433058967000
1365178433258926000
1365178433458890000
1365178433658876000
1365178433858819000
1365178434058777000
1365178434258743000
1365178434458721000
1365178434658691000
1365178434858633000
1365178435058594000
1365178435258572000
1365178435458536000
1365178435658538000
1365178435858460000
1365178436058417000
1365178436258388000
1365178436458359000
1365178436658305000
1365178436858266000
1365178437058219000
1365178437258595000
1365178437458154000
1365178437658311000
1365178437858079000
1365178438058103000
1365178438258007000
1365178438457970000
1365178438657944000
1365178438857895000
1365178439057883000
1365178439257824000
1365178439457787000
1365178439657749000
1365178439857727000
1365178440057679000
1365178440257642000
1365178440457601000
1365178440657566000
1365178440857527000
1365178441057491000
1365178441257456000
1365178441457420000
1365178441657703000
1365178441857346000
1365178442057294000
1365178442257269000
1365178442457235000
1365178442657201000
1365178442857171000
1365178443057123000
1365178443257095000
1365178443457086000
1365178443657015000
1365178443856978000
1365178444056943000
1365178444256919000
1365178444456902000
1365178444656848000
1365178444856799000
1365178445056757000
1365178445256777000
1365178445456708000
1365178445656647000
1365178445856611000
1365178446056571000
1365178446256534000
1365178446456499000
1365178446656459000
1365178446856422000
1365178447056406000
1365178447256563000
1365178447456315000
1365178447656296000
1365178447856254000
1365178448056217000
1365178448256165000
1365178448456132000
1365178448656104000
1365178448856071000
1365178449056017000
1365178449255982000
1365178449455946000
1365178449655940000
1365178449855926000
1365178450055921000
1365178450255797000
1365178450455777000
1365178450655722000
1365178450855688000
1365178451055657000
1365178451255623000
1365178451455579000
1365178451655538000
1365178451855513000
1365178452055468000
1365178452255431000
1365178452455396000
1365178452655358000
1365178452855344000
1365178453055280000
1365178453255245000
1365178453455211000
1365178453655172000
1365178453855170000
1365178454055123000
1365178454255064000
1365178454455025000
1365178454654991000
1365178454854970000
1365178455054913000
1365178455254879000
1365178455454854000
1365178455654804000
1365178455854768000
1365178456054743000
1365178456254695000
1365178456454661000
1365178456654623000
1365178456854582000
1365178457054547000
1365178457254509000
1365178457454471000
1365178457654434000
1365178457854412000
1365178458054395000
1365178458254322000
1365178458454291000
1365178458654253000
1365178458854213000
1365178459054180000
1365178459254140000
1365178459454108000
1365178459654079000
1365178459854036000
1365178460053994000
1365178460253967000
1365178460453919000
1365178460653886000
1365178460853845000
1365178461053809000
1365178461253786000
1365178461453737000
1365178461653706000
1365178461853675000
1365178462053628000
1365178462253587000
1365178462453555000
1365178462653542000
1365178462853482000
1365178463053446000
1365178463253407000
1365178463453368000
1365178463653331000
1365178463853312000
1365178464053262000
1365178464253222000
1365178464453183000
1365178464653146000
1365178464853126000
1365178465053075000
1365178465253054000
1365178465453002000
1365178465652965000
1365178465852945000
1365178466052889000
1365178466252859000
1365178466452821000
1365178466652779000
1365178466852743000
1365178467052807000
1365178467252668000
1365178467452651000
1365178467652598000
1365178467852580000
1365178468052526000
1365178468252485000
1365178468452449000
1365178468652410000
1365178468852379000
1365178469052338000
1365178469252316000
1365178469452269000
1365178469652232000
1365178469852190000
1365178470052159000
1365178470252130000
1365178470452079000
1365178470652044000
1365178470852008000
1365178471051974000
1365178471251945000
1365178471451901000
1365178471651859000
1365178471851826000
1365178472051794000
1365178472251750000
1365178472451716000
1365178472651674000
1365178472851638000
1365178473051603000
1365178473251564000
1365178473451545000
1365178473651490000
1365178473851460000
1365178474051432000
1365178474251379000
1365178474451342000
1365178474651319000
1365178474851286000
1365178475051232000
1365178475251197000
1365178475451161000
1365178475651126000
1365178475851089000
1365178476051049000
1365178476251014000
1365178476450974000
1365178476650939000
1365178476850902000
1365178477050867000
1365178477250832000
1365178477450810000
1365178477650754000
1365178477850709000
1365178478050691000
1365178478250645000
1365178478450608000
1365178478650570000
1365178478850552000
1365178479050499000
1365178479250461000
1365178479450430000
1365178479650391000
1365178479850352000
1365178480050316000
1365178480250284000
1365178480450245000
1365178480650215000
1365178480850177000
1365178481050127000
1365178481250105000
1365178481450073000
1365178481650020000
1365178481849983000
1365178482049952000
1365178482249914000
1365178482449874000
1365178482649837000
1365178482849828000
1365178483049764000
1365178483249727000
1365178483449691000
1365178483649858000
1365178483849614000
1365178484049580000
1365178484249540000
1365178484449502000
1365178484649468000
1365178484849454000
1365178485049392000
1365178485249373000
1365178485449348000
1365178485649285000
1365178485849251000
1365178486049211000
1365178486249174000
1365178486449136000
1365178486649112000
1365178486849076000
1365178487049024000
1365178487248990000
1365178487448955000
1365178487648943000
1365178487848878000
1365178488048841000
1365178488248810000
1365178488448772000
1365178488648749000
1365178488848697000
1365178489048660000
1365178489248621000
1365178489448587000
1365178489648594000
1365178489848510000
1365178490048506000
1365178490248438000
1365178490448405000
1365178490648364000
1365178490848327000
1365178491048293000
1365178491248258000
1365178491448482000
1365178491648179000
1365178491848226000
1365178492048132000
1365178492248070000
1365178492448033000
1365178492648002000
1365178492847960000
1365178493047921000
1365178493248393000
1365178493447865000
1365178493647829000
1365178493847778000
1365178494047740000
1365178494247735000
1365178494447705000
1365178494647630000
1365178494847613000
1365178495047558000
1365178495247520000
1365178495447495000
1365178495647444000
1365178495847408000
1365178496047374000
1365178496247351000
1365178496447298000
1365178496647274000
1365178496847224000
1365178497047193000
1365178497247151000
1365178497447175000
1365178497647078000
1365178497847039000
1365178498047008000
1365178498247007000
1365178498446933000
1365178498646897000
1365178498846857000
1365178499046820000
1365178499246787000
1365178499446751000
1365178499646711000
1365178499846948000
1365178500046636000
1365178500246653000
1365178500446564000
1365178500647232000
1365178500846514000
1365178501046533000
1365178501246416000
1365178501446493000
1365178501646341000
1365178501846306000
1365178502046300000
1365178502246235000
1365178502446205000
1365178502646160000
1365178502846121000
1365178503046080000
1365178503246080000
1365178503446010000
1365178503645975000
1365178503846019000
1365178504045914000
1365178504245862000
1365178504445830000
1365178504645791000
1365178504845753000
1365178505045719000
1365178505245697000
1365178505445644000
1365178505645605000
1365178505845577000
1365178506045537000
1365178506245508000
1365178506445459000
1365178506645486000
1365178506845388000
1365178507045348000
1365178507245310000
1365178507445271000
1365178507645235000
1365178507845214000
1365178508045166000
1365178508245126000
1365178508445091000
1365178508645057000
1365178508845036000
1365178509044993000
1365178509244944000
1365178509444905000
1365178509644870000
1365178509844834000
1365178510044798000
1365178510244762000
1365178510444722000
1365178510644686000
1365178510844647000
1365178511044627000
1365178511244582000
1365178511444538000
1365178511644504000
1365178511844463000
1365178512044427000
1365178512244403000
1365178512444374000
1365178512644317000
1365178512844282000
1365178513044243000
1365178513244212000
1365178513444173000
1365178513644131000
1365178513844098000
1365178514044060000
1365178514244027000
1365178514443993000
1365178514643955000
1365178514843915000
1365178515043879000
1365178515243838000
1365178515443806000
1365178515643769000
1365178515843731000
1365178516043699000
1365178516243668000
1365178516443623000
1365178516643588000
1365178516843554000
1365178517043514000
1365178517243472000
1365178517443435000
1365178517643397000
1365178517843362000
1365178518043323000
1365178518243287000
1365178518443251000
1365178518643216000
1365178518843186000
1365178519043144000
1365178519243107000
1365178519443069000
1365178519643056000
1365178519842993000
1365178520042959000
1365178520242919000
1365178520442883000
1365178520642854000
1365178520842821000
1365178521042778000
1365178521242739000
1365178521442702000
1365178521642664000
1365178521842628000
1365178522042599000
1365178522242553000
1365178522442520000
1365178522642478000
1365178522842442000
1365178523042405000
1365178523242371000
1365178523442332000
1365178523642296000
1365178523842261000
1365178524042222000
1365178524242186000
1365178524442147000
1365178524642112000
1365178524842075000
1365178525042075000
1365178525242000000
1365178525441984000
1365178525641930000
1365178525841892000
1365178526041856000
1365178526241820000
1365178526441780000
1365178526641742000
1365178526841705000
1365178527041830000
1365178527241636000
1365178527441597000
1365178527641560000
1365178527841528000
1365178528041488000
1365178528241449000
1365178528441414000
1365178528641445000
1365178528841339000
1365178529041307000
1365178529241334000
1365178529442816000
1365178529641851000
1365178529841177000
1365178530041119000
1365178530241081000
1365178530441043000
1365178530641006000
1365178530840998000
1365178531040935000
1365178531240912000
1365178531440863000
1365178531640824000
1365178531840790000
1365178532040753000
1365178532240714000
1365178532440678000
1365178532640639000
1365178532840617000
1365178533040566000
1365178533240530000
1365178533440527000
1365178533640456000
1365178533840418000
1365178534040380000
1365178534240350000
1365178534440323000
1365178534640275000
1365178534840239000
1365178535040199000
1365178535240164000
1365178535440152000
1365178535640090000
1365178535840053000
1365178536040044000
1365178536239992000
1365178536439944000
1365178536639906000
1365178536839882000
1365178537039833000
1365178537239795000
1365178537439757000
1365178537639721000
1365178537839685000
1365178538039657000
1365178538239612000
1365178538439588000
1365178538639591000
1365178538839499000
1365178539039480000
1365178539239426000
1365178539439392000
1365178539639357000
1365178539839326000
1365178540039281000
1365178540239242000
1365178540439204000
1365178540639184000
1365178540839124000
1365178541039097000
1365178541239090000
1365178541439071000
1365178541638991000
1365178541838946000
1365178542038906000
1365178542238876000
1365178542438838000
1365178542638801000
1365178542838763000
1365178543038733000
1365178543238692000
1365178543438654000
1365178543638617000
1365178543838584000
1365178544038544000
1365178544238507000
1365178544438567000
1365178544638433000
1365178544838387000
1365178545038361000
1365178545238326000
1365178545438314000
1365178545638253000
1365178545838213000
1365178546038202000
1365178546238133000
1365178546438104000
1365178546638079000
1365178546838033000
1365178547037993000
1365178547237965000
1365178547437928000
1365178547637880000
1365178547837844000
1365178548037802000
1365178548237776000
1365178548437739000
1365178548637701000
1365178548837664000
1365178549037628000
1365178549237591000
1365178549437550000
1365178549637514000
1365178549837507000
1365178550037442000
1365178550237404000
1365178550437366000
1365178550637335000
1365178550837295000
1365178551037257000
1365178551237242000
1365178551437228000
1365178551637147000
1365178551837111000
1365178552037074000
1365178552237042000
1365178552437003000
1365178552636966000
1365178552836925000
1365178553036890000
1365178553236852000
1365178553436837000
1365178553636793000
1365178553836744000
1365178554036720000
1365178554236669000
1365178554436672000
1365178554636595000
1365178554836556000
1365178555036522000
1365178555236544000
1365178555436449000
1365178555636420000
1365178555836375000
1365178556036341000
1365178556236308000
1365178556436630000
1365178556636231000
1365178556836191000
1365178557036156000
1365178557236131000
1365178557436086000
1365178557636043000
1365178557836007000
1365178558035968000
1365178558235938000
1365178558435898000
1365178558635860000
1365178558835822000
1365178559035974000
1365178559235754000
1365178559435759000
1365178559635687000
1365178559835639000
1365178560035604000
1365178560235565000
1365178560435532000
1365178560635491000
1365178560835453000
1365178561035419000
1365178561235382000
1365178561435346000
1365178561635308000
1365178561835274000
1365178562035263000
1365178562235199000
1365178562435160000
1365178562635123000
1365178562835090000
1365178563035053000
1365178563235013000
1365178563434979000
1365178563634941000
1365178563834903000
1365178564034868000
1365178564234833000
1365178564434799000
1365178564634757000
1365178564834735000
1365178565034674000
1365178565234644000
1365178565434610000
1365178565634574000
1365178565834535000
1365178566034500000
1365178566234465000
1365178566434430000
1365178566634408000
1365178566834352000
1365178567034316000
1365178567234283000
1365178567434244000
1365178567634205000
1365178567834183000
1365178568034123000
1365178568234095000
1365178568434065000
1365178568634020000
1365178568833984000
1365178569033946000
1365178569233910000
1365178569433875000
1365178569633840000
1365178569833800000
1365178570033780000
1365178570233727000
1365178570433693000
1365178570633665000
1365178570833622000
1365178571033581000
1365178571233542000
1365178571433511000
1365178571633470000
1365178571833436000
1365178572033397000
1365178572233361000
1365178572433322000
1365178572633283000
1365178572833276000
1365178573033215000
1365178573233180000
1365178573433141000
1365178573633104000
1365178573833063000
1365178574033034000
1365178574232994000
1365178574432963000
1365178574632917000
1365178574832872000
1365178575032845000
1365178575232807000
1365178575432790000
1365178575633984000
1365178575832697000
1365178576032672000
1365178576232628000
1365178576432609000
1365178576632609000
1365178576832513000
1365178577032475000
1365178577232441000
1365178577432405000
1365178577632366000
1365178577832371000
1365178578032294000
1365178578232256000
1365178578432229000
1365178578632189000
1365178578832146000
1365178579032165000
1365178579232072000
1365178579432038000
1365178579631999000
1365178579831962000
1365178580031930000
1365178580231889000
1365178580431852000
1365178580631832000
1365178580831779000
1365178581031741000
1365178581231709000
1365178581431673000
1365178581631637000
1365178581831595000
1365178582031571000
1365178582231535000
1365178582431483000
1365178582631453000
1365178582831414000
1365178583031377000
1365178583231349000
1365178583431300000
1365178583631264000
1365178583831231000
1365178584031195000
1365178584231153000
1365178584431117000
1365178584631079000
1365178584831060000
1365178585031005000
1365178585230974000
1365178585430936000
1365178585630901000
1365178585830863000
1365178586030820000
1365178586230804000
1365178586430751000
1365178586630717000
1365178586830678000
1365178587030639000
1365178587230600000
1365178587430566000
1365178587630538000
1365178587830493000
1365178588030449000
1365178588230425000
1365178588430402000
1365178588630344000
1365178588830308000
1365178589030271000
1365178589230239000
1365178589430200000
1365178589630163000
1365178589830126000
1365178590030090000
1365178590230070000
1365178590430014000
1365178590629993000
1365178590829946000
1365178591029902000
1365178591229868000
1365178591429831000
1365178591629795000
1365178591829757000
1365178592029746000
1365178592229695000
1365178592429650000
1365178592629613000
1365178592829824000
1365178593029537000
1365178593229502000
1365178593429463000
1365178593629427000
1365178593829391000
1365178594029356000
1365178594229317000
1365178594429281000
1365178594629239000
1365178594829207000
1365178595029168000
1365178595229142000
1365178595429093000
1365178595629059000
1365178595829021000
1365178596028984000
1365178596228970000
1365178596428911000
1365178596628883000
1365178596828837000
1365178597028813000
1365178597228793000
1365178597428727000
1365178597628692000
1365178597828654000
1365178598028644000
1365178598228581000
1365178598428545000
1365178598628507000
1365178598828472000
1365178599028434000
1365178599228427000
1365178599428367000
1365178599628323000
1365178599828294000
1365178600028252000
1365178600228212000
1365178600428177000
1365178600628157000
1365178600828106000
1365178601028067000
1365178601228030000
1365178601427991000
1365178601627954000
1365178601827925000
1365178602027887000
1365178602227845000
1365178602427811000
1365178602627771000
1365178602827736000
1365178603027700000
1365178603227685000
1365178603427626000
1365178603627929000
1365178603827776000
1365178604027514000
1365178604227480000
1365178604427493000
1365178604627441000
1365178604827368000
1365178605027331000
1365178605227294000
1365178605427976000
1365178605627223000
1365178605827187000
1365178606027172000
1365178606227115000
1365178606427181000
1365178606627039000
1365178606827000000
1365178607026965000
1365178607226931000
1365178607426881000
1365178607627098000
1365178607828462000
1365178608026780000
1365178608226746000
1365178608426723000
1365178608626671000
1365178608826635000
1365178609026638000
1365178609226559000
1365178609426526000
1365178609626486000
1365178609826449000
1365178610026404000
1365178610226374000
1365178610426339000
1365178610626308000
1365178610826265000
1365178611026228000
1365178611226228000
1365178611426174000
1365178611626202000
1365178611826082000
1365178612027060000
1365178612226008000
1365178612425971000
1365178612625960000
1365178612825889000
1365178613025860000
1365178613225826000
1365178613425817000
1365178613625750000
1365178613825726000
1365178614025669000
1365178614225639000
1365178614425603000
1365178614625568000
1365178614825530000
1365178615025494000
1365178615225460000
1365178615425419000
1365178615625381000
1365178615825400000
1365178616025317000
1365178616225270000
1365178616425234000
1365178616625199000
1365178616825163000
1365178617025126000
1365178617225090000
1365178617425056000
1365178617625015000
1365178617824993000
1365178618024931000
1365178618224907000
1365178618424868000
1365178618624833000
1365178618824801000
1365178619024760000
1365178619224726000
1365178619424686000
1365178619624651000
1365178619824613000
1365178620024588000
1365178620224539000
1365178620424503000
1365178620624496000
1365178620824439000
1365178621024383000
1365178621224357000
1365178621424317000
1365178621624281000
1365178621824246000
1365178622024206000
1365178622224170000
1365178622424132000
1365178622624629000
1365178622824063000
1365178623026359000
1365178623224464000
1365178623423948000
1365178623623911000
1365178623823875000
1365178624023867000
1365178624223805000
1365178624423765000
1365178624623730000
1365178624823694000
1365178625023669000
1365178625223620000
1365178625423597000
1365178625623547000
1365178625823522000
1365178626023476000
1365178626223434000
1365178626423398000
1365178626623367000
1365178626823323000
1365178627023288000
1365178627223254000
1365178627423216000
1365178627623182000
1365178627823139000
1365178628023108000
1365178628223073000
1365178628423030000
1365178628623013000
1365178628822957000
1365178629022925000
1365178629222916000
1365178629422848000
1365178629622810000
1365178629822775000
1365178630022740000
1365178630222699000
1365178630422665000
1365178630622627000
1365178630822592000
1365178631022548000
1365178631222517000
1365178631422480000
1365178631622444000
1365178631822435000
1365178632022384000
1365178632222334000
1365178632422295000
1365178632622260000
1365178632822225000
1365178633022187000
1365178633222149000
1365178633422112000
1365178633622077000
1365178633822040000
1365178634022004000
1365178634221968000
1365178634421930000
1365178634621892000
1365178634821856000
1365178635021821000
1365178635221793000
1365178635421747000
1365178635621725000
1365178635821670000
1365178636021638000
1365178636221597000
1365178636421566000
1365178636621525000
1365178636821492000
1365178637021452000
1365178637221415000
1365178637421378000
1365178637621339000
1365178637821303000
1365178638021268000
1365178638221230000
1365178638421192000
1365178638621183000
1365178638821112000
1365178639021083000
1365178639221051000
1365178639421010000
1365178639620999000
1365178639820960000
1365178640020919000
1365178640220862000
1365178640420829000
1365178640620792000
1365178640820755000
1365178641020716000
1365178641220682000
1365178641420642000
1365178641620620000
1365178641820571000
1365178642020532000
1365178642220500000
1365178642420463000
1365178642620426000
1365178642820385000
1365178643020350000
1365178643220312000
1365178643420276000
1365178643620241000
1365178643820206000
1365178644020164000
1365178644220130000
1365178644420092000
1365178644620054000
1365178644820185000
1365178645019978000
1365178645219979000
1365178645419908000
1365178645619869000
1365178645819837000
1365178646019799000
1365178646219761000
1365178646419726000
1365178646619686000
1365178646819650000
1365178647019606000
1365178647219592000
1365178647419540000
1365178647619504000
1365178647819469000
1365178648019430000
1365178648219395000
1365178648419360000
1365178648619320000
1365178648819285000
1365178649019246000
1365178649219213000
1365178649419178000
1365178649619136000
1365178649819099000
1365178650019066000
1365178650219026000
1365178650418988000
1365178650618956000
1365178650818915000
1365178651018871000
1365178651218842000
1365178651418808000
1365178651618771000
1365178651818734000
1365178652018699000
1365178652218660000
1365178652418623000
1365178652618584000
1365178652818547000
1365178653018511000
1365178653218688000
1365178653418430000
1365178653618404000
1365178653818366000
1365178654018332000
1365178654218319000
1365178654418255000
1365178654618216000
1365178654818182000
1365178655018150000
1365178655218105000
1365178655418070000
1365178655618036000
1365178655817996000
1365178656017972000
1365178656217924000
1365178656417904000
1365178656617851000
1365178656817813000
1365178657017780000
1365178657217743000
1365178657417714000
1365178657617667000
1365178657817629000
1365178658017594000
1365178658217567000
1365178658417519000
1365178658617480000
1365178658817448000
1365178659017400000
1365178659217372000
1365178659417336000
1365178659617298000
1365178659817265000
1365178660017336000
1365178660217191000
1365178660417153000
1365178660617119000
1365178660817083000
1365178661017043000
1365178661217005000
1365178661416970000
1365178661616951000
1365178661817589000
1365178662016864000
1365178662216824000
1365178662416786000
1365178662616742000
1365178662816712000
1365178663016677000
1365178663216638000
1365178663416603000
1365178663616562000
1365178663816562000
1365178664016495000
1365178664216966000
1365178664416417000
1365178664616396000
1365178664816346000
1365178665016309000
1365178665216271000
1365178665416250000
1365178665616208000
1365178665816212000
1365178666016128000
1365178666216088000
1365178666416050000
1365178666616016000
1365178666815980000
1365178667015933000
1365178667215905000
1365178667415868000
1365178667615861000
1365178667815798000
1365178668015755000
1365178668215724000
1365178668415702000
1365178668615683000
1365178668815608000
1365178669015603000
1365178669215542000
1365178669415505000
1365178669615462000
1365178669815428000
1365178670015389000
1365178670215355000
1365178670415331000
1365178670615277000
1365178670815296000
1365178671015212000
1365178671215170000
1365178671415132000
1365178671615093000
1365178671815119000
1365178672015020000
1365178672214984000
1365178672414956000
1365178672614912000
1365178672814902000
1365178673014840000
1365178673214801000
1365178673414767000
1365178673614730000
1365178673814692000
1365178674014646000
1365178674214617000
1365178674414582000
1365178674614544000
1365178674814542000
1365178675014482000
1365178675214436000
1365178675414398000
1365178675614360000
1365178675814324000
1365178676014276000
1365178676214250000
1365178676414239000
1365178676614181000
1365178676814140000
1365178677014129000
1365178677214071000
1365178677414032000
1365178677613993000
1365178677814058000
1365178678013911000
1365178678213895000
1365178678413847000
1365178678613836000
1365178678813772000
1365178679013747000
1365178679213700000
1365178679413681000
1365178679613626000
1365178679813589000
1365178680013544000
1365178680213515000
1365178680413484000
1365178680613443000
1365178680813416000
1365178681013361000
1365178681213330000
1365178681413307000
1365178681613276000
1365178681813221000
1365178682013185000
1365178682213148000
1365178682413111000
1365178682613076000
1365178682813038000
1365178683012992000
1365178683212964000
1365178683412926000
1365178683612894000
1365178683812857000
1365178684012817000
1365178684212780000
1365178684412745000
1365178684612708000
1365178684812670000
1365178685012632000
1365178685212600000
1365178685412574000
1365178685612718000
1365178685812501000
1365178686012438000
1365178686212411000
1365178686412375000
1365178686612339000
1365178686812356000
1365178687012292000
1365178687212230000
1365178687412195000
1365178687612188000
1365178687812119000
1365178688012075000
1365178688212047000
1365178688412010000
1365178688611981000
1365178688811936000
1365178689011907000
1365178689211861000
1365178689412124000
1365178689611789000
1365178689811753000
1365178690011713000
1365178690211681000
1365178690411658000
1365178690611604000
1365178690811567000
1365178691011556000
1365178691211496000
1365178691411458000
1365178691611426000
1365178691811386000
1365178692011348000
1365178692211312000
1365178692411274000
1365178692611240000
1365178692811207000
1365178693011155000
1365178693211126000
1365178693411092000
1365178693611055000
1365178693811021000
1365178694010979000
1365178694210948000
1365178694410948000
1365178694610869000
1365178694810848000
1365178695010787000
1365178695210764000
1365178695410748000
1365178695610706000
1365178695810649000
1365178696010618000
1365178696210577000
1365178696410555000
1365178696610503000
1365178696810468000
1365178697010432000
1365178697210395000
1365178697410359000
1365178697610319000
1365178697810282000
1365178698010244000
1365178698210212000
1365178698410171000
1365178698610137000
1365178698810099000
1365178699010057000
1365178699210026000
1365178699409990000
1365178699609957000
1365178699809915000
1365178700009879000
1365178700209840000
1365178700409805000
1365178700609767000
1365178700809756000
1365178701009714000
1365178701209656000
1365178701409620000
1365178701609583000
1365178701809558000
1365178702009509000
1365178702209500000
1365178702409436000
1365178702609408000
1365178702809367000
1365178703009331000
1365178703209619000
1365178703409253000
1365178703609219000
1365178703809181000
1365178704009135000
1365178704209125000
1365178704409084000
1365178704609031000
1365178704808997000
1365178705008951000
1365178705208930000
1365178705408897000
1365178705608898000
1365178705808827000
1365178706008782000
1365178706208737000
1365178706408701000
1365178706608669000
1365178706808642000
1365178707008587000
1365178707208557000
1365178707408539000
1365178707608474000
1365178707808444000
1365178708008410000
1365178708208374000
1365178708408334000
1365178708608299000
1365178708808274000
1365178709008225000
1365178709208187000
1365178709408155000
1365178709608120000
1365178709808075000
1365178710008034000
1365178710208007000
1365178710407968000
1365178710607930000
1365178710807891000
1365178711007848000
1365178711207817000
1365178711407802000
1365178711607746000
1365178711807710000
1365178712007674000
1365178712207636000
1365178712407599000
1365178712607562000
1365178712807541000
1365178713007480000
1365178713207450000
1365178713407407000
1365178713607372000
1365178713807344000
1365178714007305000
1365178714207268000
1365178714407233000
1365178714607209000
1365178714807165000
1365178715007116000
1365178715207078000
1365178715407050000
1365178715607015000
1365178715807006000
1365178716006966000
1365178716207061000
1365178716406863000
1365178716606832000
1365178716806788000
1365178717006759000
1365178717206717000
1365178717406704000
1365178717606677000
1365178717806640000
1365178718006572000
1365178718206539000
1365178718406563000
1365178718606490000
1365178718806449000
1365178719006379000
1365178719206357000
1365178719406320000
1365178719606279000
1365178719806238000
1365178720006197000
1365178720206167000
1365178720406136000
1365178720606104000
1365178720806078000
1365178721006017000
1365178721206334000
1365178721405957000
1365178721606138000
1365178721805874000
1365178722005828000
1365178722205799000
1365178722405760000
1365178722605726000
1365178722805690000
1365178723005647000
1365178723205708000
1365178723405617000
1365178723605541000
1365178723805504000
1365178724005459000
1365178724205451000
1365178724405395000
1365178724605360000
1365178724805322000
1365178725005275000
1365178725205240000
1365178725405225000
1365178725605174000
1365178725805139000
1365178726005093000
1365178726205067000
1365178726405027000
1365178726605010000
1365178726804955000
1365178727004909000
1365178727204881000
1365178727404845000
1365178727604807000
1365178727804794000
1365178728004726000
1365178728204695000
1365178728404662000
1365178728604625000
1365178728804599000
1365178729004828000
1365178729204513000
1365178729404476000
1365178729604441000
1365178729804402000
1365178730004359000
1365178730204328000
1365178730404579000
1365178730604263000
1365178730804220000
1365178731004174000
1365178731204147000
1365178731404117000
1365178731604075000
1365178731804044000
1365178732003989000
1365178732203959000
1365178732403922000
1365178732603889000
1365178732803853000
1365178733003805000
1365178733203775000
1365178733403738000
1365178733603704000
1365178733803669000
1365178734003622000
1365178734203593000
1365178734403555000
1365178734603521000
1365178734803483000
1365178735003440000
1365178735203408000
1365178735403389000
1365178735603335000
1365178735803300000
1365178736003262000
1365178736203231000
1365178736403190000
1365178736603156000
1365178736803131000
1365178737003079000
1365178737203045000
1365178737403023000
1365178737602973000
1365178737802947000
1365178738002901000
1365178738202861000
1365178738402820000
1365178738602786000
1365178738802747000
1365178739002704000
1365178739202679000
1365178739402652000
1365178739602605000
1365178739802576000
1365178740002519000
1365178740202493000
1365178740402457000
1365178740602417000
1365178740802382000
1365178741002337000
1365178741202312000
1365178741402274000
1365178741602232000
1365178741802214000
1365178742002152000
1365178742202123000
1365178742402090000
1365178742602063000
1365178742802033000
1365178743001967000
1365178743201940000
1365178743401904000
1365178743601869000
1365178743801830000
1365178744001792000
1365178744201757000
1365178744401718000
1365178744601684000
1365178744801651000
1365178745001603000
1365178745201671000
1365178745401538000
1365178745601752000
1365178745801466000
1365178746001419000
1365178746201388000
1365178746401353000
1365178746601313000
1365178746801281000
1365178747001233000
1365178747201205000
1365178747401170000
1365178747601132000
1365178747801106000
1365178748001061000
1365178748201033000
1365178748400986000
1365178748600950000
1365178748800910000
1365178749000865000
1365178749200836000
1365178749400800000
1365178749600762000
1365178749800729000
1365178750000694000
1365178750200653000
1365178750400628000
1365178750600579000
1365178750800874000
1365178751000499000
1365178751200638000
1365178751400570000
1365178751600613000
1365178751800363000
1365178752000315000
1365178752200287000
1365178752400252000
1365178752600213000
1365178752800176000
1365178753000131000
1365178753200104000
1365178753400067000
1365178753600027000
1365178753800006000
1365178753999982000
1365178754199928000
1365178754399884000
1365178754599859000
1365178754799809000
1365178754999763000
1365178755199734000
1365178755399700000
1365178755599662000
1365178755799625000
1365178755999586000
1365178756199552000
1365178756399517000
1365178756599475000
1365178756799446000
1365178756999397000
1365178757199369000
1365178757399333000
1365178757599294000
1365178757799350000
1365178757999221000
1365178758199292000
1365178758399309000
1365178758599341000
1365178758799097000
1365178758999035000
1365178759199392000
1365178759398964000
1365178759598925000
1365178759798914000
1365178759998853000
1365178760198819000
1365178760398780000
1365178760598773000
1365178760798715000
1365178760998849000
1365178761198633000
1365178761398635000
1365178761598574000
1365178761798526000
1365178761998488000
1365178762198446000
1365178762398413000
1365178762598386000
1365178762798388000
1365178762998299000
1365178763198285000
1365178763398242000
1365178763598192000
1365178763798191000
1365178763998123000
1365178764198080000
1365178764398047000
1365178764597998000
1365178764797971000
1365178764997927000
1365178765197905000
1365178765397861000
1365178765597850000
1365178765797789000
1365178765997743000
1365178766197731000
1365178766397676000
1365178766597666000
1365178766797606000
1365178766997586000
1365178767197528000
1365178767397491000
1365178767597457000
1365178767797418000
1365178767997373000
1365178768197346000
1365178768397606000
1365178768597272000
1365178768797256000
1365178768997190000
1365178769197164000
1365178769397123000
1365178769597088000
1365178769797100000
1365178769997007000
1365178770196983000
1365178770396940000
1365178770596906000
1365178770796868000
1365178770996823000
1365178771196804000
1365178771396766000
1365178771596724000
1365178771796688000
1365178771996676000
1365178772196601000
1365178772396576000
1365178772597022000
1365178772796503000
1365178772996453000
1365178773196426000
1365178773396391000
1365178773596354000
1365178773796315000
1365178773996271000
1365178774196243000
1365178774396205000
1365178774596231000
1365178774796141000
1365178774996125000
1365178775196060000
1365178775396040000
1365178775596247000
1365178775795951000
1365178775995902000
1365178776196003000
1365178776395841000
1365178776595803000
1365178776795767000
1365178776995735000
1365178777195739000
1365178777395682000
1365178777595657000
1365178777795581000
1365178777995535000
1365178778195521000
1365178778395471000
1365178778595466000
1365178778795396000
1365178778995363000
1365178779195325000
1365178779395290000
1365178779595251000
1365178779795214000
1365178779995168000
1365178780195141000
1365178780395108000
1365178780595093000
1365178780795035000
1365178780994984000
1365178781194981000
1365178781394931000
1365178781594886000
1365178781794845000
1365178781994800000
1365178782194773000
1365178782394736000
1365178782594719000
1365178782794662000
1365178782994627000
1365178783194591000
1365178783394551000
1365178783594529000
1365178783794479000
1365178783994444000
1365178784194403000
1365178784394380000
1365178784594331000
1365178784794299000
1365178784994249000
1365178785194220000
1365178785394187000
1365178785594146000
1365178785794111000
1365178785994063000
1365178786194039000
1365178786393999000
1365178786593966000
1365178786793927000
1365178786993880000
1365178787193855000
1365178787393815000
1365178787593783000
1365178787793757000
1365178787993697000
1365178788193670000
1365178788393631000
1365178788593595000
1365178788793560000
1365178788993513000
1365178789193485000
1365178789393452000
1365178789593413000
1365178789793374000
1365178789993341000
1365178790193302000
1365178790393272000
1365178790593228000
1365178790793191000
1365178790993157000
1365178791193123000
1365178791393083000
1365178791593041000
1365178791793008000
1365178791992962000
1365178792192935000
1365178792392922000
1365178792592860000
1365178792792831000
1365178792992796000
1365178793192782000
1365178793392734000
1365178793592685000
1365178793792659000
1365178793992595000
1365178794192579000
1365178794392529000
1365178794592498000
1365178794792460000
1365178794992419000
1365178795192416000
1365178795392366000
1365178795592309000
1365178795792298000
1365178795992233000
1365178796192200000
1365178796392163000
1365178796592125000
1365178796792096000
1365178796992066000
1365178797192015000
1365178797391976000
1365178797591946000
1365178797791909000
1365178797991886000
1365178798191830000
1365178798391794000
1365178798591821000
1365178798791756000
1365178798991684000
1365178799191647000
1365178799391608000
1365178799591572000
1365178799791558000
1365178799991490000
1365178800191463000
1365178800391432000
1365178800591390000
1365178800791353000
1365178800991322000
1365178801191278000
1365178801391242000
1365178801591205000
1365178801791170000
1365178801991126000
1365178802191098000
1365178802391076000
1365178802591036000
1365178802791003000
1365178802990948000
1365178803190912000
1365178803390873000
1365178803590848000
1365178803790802000
1365178803990764000
1365178804190742000
1365178804390705000
1365178804590659000
1365178804790617000
1365178804990580000
1365178805190543000
1365178805390561000
1365178805590472000
1365178805790432000
1365178805990389000
1365178806190361000
1365178806390330000
1365178806590295000
1365178806790247000
1365178806990206000
1365178807190173000
1365178807390139000
1365178807590124000
1365178807790067000
1365178807990023000
1365178808189992000
1365178808390008000
1365178808589918000
1365178808789902000
1365178808989844000
1365178809189811000
1365178809389770000
1365178809589736000
1365178809789696000
1365178809989653000
1365178810189627000
1365178810389627000
1365178810589553000
1365178810789514000
1365178810989471000
1365178811189438000
1365178811389404000
1365178811589367000
1365178811789338000
1365178811989296000
1365178812189257000
1365178812389220000
1365178812589186000
1365178812789145000
1365178812989119000
1365178813189071000
1365178813389040000
1365178813589000000
1365178813788960000
1365178813988925000
1365178814188898000
1365178814388878000
1365178814588817000
1365178814788776000
1365178814988740000
1365178815188707000
1365178815388670000
1365178815588644000
1365178815788584000
1365178815988550000
1365178816188518000
1365178816388486000
1365178816588450000
1365178816788411000
1365178816988379000
1365178817188342000
1365178817388298000
1365178817588262000
1365178817788226000
1365178817988180000
1365178818188156000
1365178818388117000
1365178818588083000
1365178818788042000
1365178818987995000
1365178819187975000
1365178819387934000
1365178819587897000
1365178819787860000
1365178819987823000
1365178820187787000
1365178820387760000
1365178820587712000
1365178820787678000
1365178820987640000
1365178821187603000
1365178821387563000
1365178821587528000
1365178821787489000
1365178821987445000
1365178822187418000
1365178822387419000
1365178822587343000
1365178822787301000
1365178822987273000
1365178823187234000
1365178823387199000
1365178823587160000
1365178823787126000
1365178823987077000
1365178824187049000
1365178824387015000
1365178824586980000
1365178824786972000
1365178824986905000
1365178825186869000
1365178825387424000
1365178825586792000
1365178825786754000
1365178825986710000
1365178826186684000
1365178826386662000
1365178826586612000
1365178826786575000
1365178826986528000
1365178827186500000
1365178827386479000
1365178827586448000
1365178827786387000
1365178827986344000
1365178828186314000
1365178828386280000
1365178828586243000
1365178828786209000
1365178828986165000
1365178829186152000
1365178829386139000
1365178829586117000
1365178829786034000
1365178829986136000
1365178830186156000
1365178830386184000
1365178830585951000
1365178830785837000
1365178830985801000
1365178831185774000
1365178831385727000
1365178831585698000
1365178831785651000
1365178831985614000
1365178832185577000
1365178832385542000
1365178832585521000
1365178832785581000
1365178832985433000
1365178833185396000
1365178833385359000
1365178833585320000
1365178833785289000
1365178833985238000
1365178834185214000
1365178834385175000
1365178834585140000
1365178834785101000
1365178834985057000
1365178835185028000
1365178835384994000
1365178835584957000
1365178835785017000
1365178835984883000
1365178836184843000
1365178836384809000
1365178836584773000
1365178836784770000
1365178836984733000
1365178837184661000
1365178837384624000
1365178837584588000
1365178837784551000
1365178837984512000
1365178838184506000
1365178838384460000
1365178838584402000
1365178838784363000
1365178838984354000
1365178839184295000
1365178839384259000
1365178839584243000
1365178839784180000
1365178839984138000
1365178840184123000
1365178840384069000
1365178840584035000
1365178840783996000
1365178840983953000
1365178841183925000
1365178841383890000
1365178841583853000
1365178841783813000
1365178841983775000
1365178842183738000
1365178842383708000
1365178842583666000
1365178842783629000
1365178842983600000
1365178843183578000
1365178843383520000
1365178843583492000
1365178843783483000
1365178843983412000
1365178844183385000
1365178844383362000
1365178844583317000
1365178844783263000
1365178844983227000
1365178845183199000
1365178845383155000
1365178845583141000
1365178845783076000
1365178845983035000
1365178846183013000
1365178846382968000
1365178846582932000
1365178846782893000
1365178846982883000
1365178847182818000
1365178847382784000
1365178847582750000
1365178847782708000
1365178847982668000
1365178848182639000
1365178848382599000
1365178848582567000
1365178848782525000
1365178848982554000
1365178849182454000
1365178849382417000
1365178849582393000
1365178849782364000
1365178849982297000
1365178850182277000
1365178850382234000
1365178850582196000
1365178850782157000
1365178850982123000
1365178851182082000
1365178851382051000
1365178851582009000
1365178851781977000
1365178851981949000
1365178852181900000
1365178852381879000
1365178852581830000
1365178852781803000
1365178852981750000
1365178853181715000
1365178853381682000
1365178853581639000
1365178853781608000
1365178853981566000
1365178854181524000
1365178854381500000
1365178854581461000
1365178854781487000
1365178854981377000
1365178855181350000
1365178855381312000
1365178855581277000
1365178855781242000
1365178855981204000
1365178856181166000
1365178856381129000
1365178856581107000
1365178856781075000
1365178856981011000
1365178857180980000
1365178857380946000
1365178857580910000
1365178857780870000
1365178857980846000
1365178858180800000
1365178858380765000
1365178858580727000
1365178858780716000
1365178858980651000
1365178859180615000
1365178859380577000
1365178859580554000
1365178859780501000
1365178859980464000
1365178860180431000
1365178860380393000
1365178860580356000
1365178860780321000
1365178860980277000
1365178861180246000
1365178861380241000
1365178861580177000
1365178861780135000
1365178861980100000
1365178862180062000
1365178862380033000
1365178862579988000
1365178862779952000
1365178862979909000
1365178863179884000
1365178863379856000
1365178863579804000
1365178863779766000
1365178863979758000
1365178864179694000
1365178864379657000
1365178864579620000
1365178864779583000
1365178864979550000
1365178865179510000
1365178865379513000
1365178865579435000
1365178865779418000
1365178865979371000
1365178866179328000
1365178866379289000
1365178866579253000
1365178866779216000
1365178866979171000
1365178867179148000
1365178867379110000
1365178867579069000
1365178867779032000
1365178867978984000
1365178868178961000
1365178868378924000
1365178868578889000
1365178868778849000
1365178868978815000
1365178869178777000
1365178869378767000
1365178869578717000
1365178869778665000
1365178869978619000
1365178870178594000
1365178870378576000
1365178870578519000
1365178870778481000
1365178870978438000
1365178871178412000
1365178871378390000
1365178871578333000
1365178871778297000
1365178871978250000
1365178872178225000
1365178872378186000
1365178872578148000
1365178872778112000
1365178872978067000
1365178873178055000
1365178873378022000
1365178873577990000
1365178873777931000
1365178873977891000
1365178874177856000
1365178874377822000
1365178874577786000
1365178874778061000
1365178874977700000
1365178875177675000
1365178875377636000
1365178875577597000
1365178875777845000
1365178875977515000
1365178876177487000
1365178876377453000
1365178876577416000
1365178876777377000
1365178876977332000
1365178877177305000
1365178877377268000
1365178877577251000
1365178877777227000
1365178877977157000
1365178878177120000
1365178878377105000
1365178878577049000
1365178878777010000
1365178878976973000
1365178879176977000
1365178879376899000
1365178879576863000
1365178879776827000
1365178879976817000
1365178880176754000
1365178880376715000
1365178880576691000
1365178880776644000
1365178880976599000
1365178881176569000
1365178881376532000
1365178881576493000
1365178881776457000
1365178881976423000
1365178882176466000
1365178882376350000
1365178882576311000
1365178882776275000
1365178882976228000
1365178883176202000
1365178883376164000
1365178883576127000
1365178883776142000
1365178883976047000
1365178884176038000
1365178884375982000
1365178884575943000
1365178884775907000
1365178884975862000
1365178885175935000
1365178885375787000
1365178885575798000
1365178885776180000
1365178885975701000
1365178886175675000
1365178886375759000
1365178886575603000
1365178886775537000
1365178886975517000
1365178887175471000
1365178887375428000
1365178887575393000
1365178887775353000
1365178887975327000
1365178888175278000
1365178888375702000
1365178888575208000
1365178888775169000
1365178888975124000
1365178889175104000
1365178889375065000
1365178889575042000
1365178889774990000
1365178889974951000
1365178890174914000
1365178890374877000
1365178890574840000
1365178890774802000
1365178890974770000
1365178891174729000
1365178891374706000
1365178891574655000
1365178891774617000
1365178891974574000
1365178892174544000
1365178892374513000
1365178892574470000
1365178892774442000
1365178892974388000
1365178893174364000
1365178893374324000
1365178893574284000
1365178893774264000
1365178893974209000
1365178894174180000
1365178894374140000
1365178894574105000
1365178894774065000
1365178894974025000
1365178895173995000
1365178895373960000
1365178895573931000
1365178895773885000
1365178895973846000
1365178896173807000
1365178896373772000
1365178896573755000
1365178896773699000
1365178896973653000
1365178897173628000
1365178897373589000
1365178897573550000
1365178897773518000
1365178897973481000
1365178898173440000
1365178898373406000
1365178898573370000
1365178898773328000
1365178898973294000
1365178899173282000
1365178899373221000
1365178899573183000
1365178899773146000
1365178899973111000
1365178900173075000
1365178900373039000
1365178900573039000
1365178900772984000
1365178900972917000
1365178901172888000
1365178901372855000
1365178901572833000
1365178901772781000
1365178901972733000
1365178902172705000
1365178902372822000
1365178902572631000
1365178902772593000
1365178902972571000
1365178903172527000
1365178903372486000
1365178903572449000
1365178903772409000
1365178903972371000
1365178904172337000
1365178904372300000
1365178904572264000
1365178904772225000
1365178904972192000
1365178905172155000
1365178905372118000
1365178905572081000
1365178905772046000
1365178905972003000
1365178906171968000
1365178906371947000
1365178906571938000
1365178906771859000
1365178906971823000
1365178907171786000
1365178907371753000
1365178907571753000
1365178907771675000
1365178907971629000
1365178908171699000
1365178908371578000
1365178908571528000
1365178908771488000
1365178908971445000
1365178909171416000
1365178909371383000
1365178909571342000
1365178909771305000
1365178909971271000
1365178910171235000
1365178910371221000
1365178910571170000
1365178910771120000
1365178910971090000
1365178911171047000
1365178911371010000
1365178911570974000
1365178911770968000
1365178911970893000
1365178912170862000
1365178912370835000
1365178912570789000
1365178912770757000
1365178912970729000
1365178913170678000
1365178913370643000
1365178913570609000
1365178913770571000
1365178913970540000
1365178914170493000
1365178914370457000
1365178914570428000
1365178914770384000
1365178914970350000
1365178915170312000
1365178915370272000
1365178915570244000
1365178915770201000
1365178915970154000
1365178916170127000
1365178916370116000
1365178916570055000
1365178916770022000
1365178916970008000
1365178917169948000
1365178917369927000
1365178917569874000
1365178917770032000
1365178917969812000
1365178918169762000
1365178918369721000
1365178918569701000
1365178918769650000
1365178918969602000
1365178919169572000
1365178919369537000
1365178919569516000
1365178919769463000
1365178919969419000
1365178920169396000
1365178920369354000
1365178920569317000
1365178920769298000
1365178920969277000
1365178921169205000
1365178921369172000
1365178921569143000
1365178921769100000
1365178921969050000
1365178922169022000
1365178922368986000
1365178922568952000
1365178922768914000
1365178922968874000
1365178923168842000
1365178923368818000
1365178923568798000
1365178923768730000
1365178923968684000
1365178924168653000
1365178924368616000
1365178924568586000
1365178924768546000
1365178924968497000
1365178925168471000
1365178925368433000
1365178925568397000
1365178925768391000
1365178925968325000
1365178926168298000
1365178926368273000
1365178926568215000
1365178926768175000
1365178926968138000
1365178927168101000
1365178927368079000
1365178927568029000
1365178927767991000
1365178927967987000
1365178928167916000
1365178928367880000
1365178928567864000
1365178928767805000
1365178928967771000
1365178929167732000
1365178929367696000
1365178929567661000
1365178929767638000
1365178929967587000
1365178930167550000
1365178930367529000
1365178930567482000
1365178930767443000
1365178930967392000
1365178931167375000
1365178931367329000
1365178931567322000
1365178931767255000
1365178931967216000
1365178932167183000
1365178932367146000
1365178932567107000
1365178932767071000
1365178932967036000
1365178933166995000
1365178933367026000
1365178933566927000
1365178933766940000
1365178933966841000
1365178934166813000
1365178934366775000
1365178934566739000
1365178934766702000
1365178934966665000
1365178935166626000
1365178935366738000
1365178935566558000
1365178935766518000
1365178935966470000
1365178936166499000
1365178936366406000
1365178936566370000
1365178936766330000
1365178936966299000
1365178937166261000
1365178937366245000
1365178937566197000
1365178937766149000
1365178937966113000
1365178938166075000
1365178938366056000
1365178938566005000
1365178938765965000
1365178938965944000
1365178939165884000
1365178939365853000
1365178939566148000
1365178939765800000
1365178939965766000
1365178940165740000
1365178940365669000
1365178940565661000
1365178940765661000
1365178940965563000
1365178941165525000
1365178941365485000
1365178941565448000
1365178941765414000
1365178941965366000
1365178942165338000
1365178942365303000
1365178942565263000
1365178942765244000
1365178942965224000
1365178943165153000
1365178943365117000
1365178943565081000
1365178943765045000
1365178943965004000
1365178944164971000
1365178944364931000
1365178944564895000
1365178944764860000
1365178944964815000
1365178945164799000
1365178945364748000
1365178945564715000
1365178945764710000
1365178945964636000
1365178946164605000
1365178946364573000
1365178946564526000
1365178946764491000
1365178946964447000
1365178947164421000
1365178947364378000
1365178947564345000
1365178947764310000
1365178947964261000
1365178948164231000
1365178948364187000
1365178948564161000
1365178948764121000
1365178948964076000
1365178949164050000
1365178949364012000
1365178949563975000
1365178949763939000
1365178949963900000
1365178950163864000
1365178950363827000
1365178950563791000
1365178950763759000
1365178950963721000
1365178951163686000
1365178951363644000
1365178951563604000
1365178951763568000
1365178951963524000
1365178952163494000
1365178952363477000
1365178952563423000
1365178952763387000
1365178952963341000
1365178953163310000
1365178953363286000
1365178953563234000
1365178953763199000
1365178953963169000
1365178954163127000
1365178954363087000
1365178954563054000
1365178954763021000
1365178954962970000
1365178955162945000
1365178955362906000
1365178955562867000
1365178955762833000
1365178955962787000
1365178956162761000
1365178956362724000
1365178956562688000
1365178956762648000
1365178956962600000
1365178957162578000
1365178957362556000
1365178957562503000
1365178957762463000
1365178957962429000
1365178958162406000
1365178958362370000
1365178958562315000
1365178958762292000
1365178958962241000
1365178959162203000
1365178959362170000
1365178959562145000
1365178959762095000
1365178959962055000
1365178960162028000
1365178960361987000
1365178960561945000
1365178960761912000
1365178960961867000
1365178961161837000
1365178961361800000
1365178961561766000
1365178961761725000
1365178961961710000
1365178962161651000
1365178962361629000
1365178962561579000
1365178962761541000
1365178962961499000
1365178963161483000
1365178963361461000
1365178963561444000
1365178963761364000
1365178963961311000
1365178964161291000
1365178964361274000
1365178964561211000
1365178964761173000
1365178964961130000
1365178965161102000
1365178965361063000
1365178965561027000
1365178965760998000
1365178965960945000
1365178966160919000
1365178966360880000
1365178966560846000
1365178966760808000
1365178966960760000
1365178967160733000
1365178967360711000
1365178967560658000
1365178967760640000
1365178967960577000
1365178968160546000
1365178968360513000
1365178968560506000
1365178968760443000
1365178968960391000
1365178969160362000
1365178969360329000
1365178969560292000
1365178969760279000
1365178969960215000
1365178970160200000
1365178970360163000
1365178970560122000
1365178970760067000
1365178970960026000
1365178971159994000
1365178971359957000
1365178971559921000
1365178971759886000
1365178971959838000
1365178972159812000
1365178972359805000
1365178972559745000
1365178972759699000
1365178972959653000
1365178973159629000
1365178973359605000
1365178973559891000
1365178973759515000
1365178973959471000
1365178974159446000
1365178974359408000
1365178974559380000
1365178974759330000
1365178974959284000
1365178975159255000
1365178975359230000
1365178975559199000
1365178975759146000
1365178975959102000
1365178976159074000
1365178976359041000
1365178976558998000
1365178976758966000
1365178976958925000
1365178977158905000
1365178977358890000
1365178977558830000
1365178977758779000
1365178977958733000
1365178978158707000
1365178978358671000
1365178978558633000
1365178978760616000
1365178978958549000
1365178979158527000
1365178979358484000
1365178979558456000
1365178979758411000
1365178979958363000
1365178980158342000
1365178980358305000
1365178980558264000
1365178980758226000
1365178980958187000
1365178981158157000
1365178981358117000
1365178981558078000
1365178981758041000
1365178981957994000
1365178982157968000
1365178982357931000
1365178982557896000
1365178982757856000
1365178982957811000
1365178983157784000
1365178983357748000
1365178983557711000
1365178983757673000
1365178983957627000
1365178984157619000
1365178984357568000
1365178984557542000
1365178984757503000
1365178984957447000
1365178985157415000
1365178985357383000
1365178985557344000
1365178985757310000
1365178985957258000
1365178986157238000
1365178986357197000
1365178986557157000
1365178986757132000
1365178986957074000
1365178987157046000
1365178987357023000
1365178987556979000
1365178987756938000
1365178987956889000
1365178988156865000
1365178988356824000
1365178988556852000
1365178988756752000
1365178988956707000
1365178989156677000
1365178989356641000
1365178989556604000
1365178989756566000
1365178989956522000
1365178990156502000
1365178990356449000
1365178990556452000
1365178990756383000
1365178990956336000
1365178991156330000
1365178991356278000
1365178991556243000
1365178991756196000
1365178991956160000
1365178992156124000
1365178992356089000
1365178992556052000
1365178992756013000
1365178992955971000
1365178993155948000
1365178993355905000
1365178993555889000
1365178993755834000
1365178993955801000
1365178994155756000
1365178994355718000
1365178994555743000
1365178994755644000
1365178994956014000
1365178995155566000
1365178995355537000
1365178995555499000
1365178995755486000
1365178995955418000
1365178996155397000
1365178996355352000
1365178996555315000
1365178996755279000
1365178996955235000
1365178997155205000
1365178997355171000
1365178997555130000
1365178997755114000
1365178997955047000
1365178998155020000
1365178998354981000
1365178998554946000
1365178998754912000
1365178998954865000
1365178999154857000
1365178999354803000
1365178999554798000
1365178999754724000
1365178999954690000
1365179000154650000
1365179000354613000
1365179000554593000
1365179000754540000
1365179000954495000
1365179001154465000
1365179001354434000
1365179001554396000
1365179001754355000
1365179001954320000
1365179002154284000
1365179002354246000
1365179002554208000
1365179002754373000
1365179002954126000
1365179003154099000
1365179003354077000
1365179003554022000
1365179003754020000
1365179003953960000
1365179004153912000
1365179004353876000
1365179004553877000
1365179004753801000
1365179004953781000
1365179005153733000
1365179005353692000
1365179005553687000
1365179005753621000
1365179005953575000
1365179006153545000
1365179006353516000
1365179006553475000
1365179006753433000
1365179006953391000
1365179007153360000
1365179007353322000
1365179007553289000
1365179007753253000
1365179007953211000
1365179008153177000
1365179008353144000
1365179008553100000
1365179008753069000
1365179008953042000
1365179009152995000
1365179009352957000
1365179009552925000
1365179009752872000
1365179009952837000
1365179010152807000
1365179010352771000
1365179010552739000
1365179010752700000
1365179010952653000
1365179011152635000
1365179011352588000
1365179011552554000
1365179011752514000
1365179011952469000
1365179012152456000
1365179012352402000
1365179012552364000
1365179012752331000
1365179012952285000
1365179013152255000
1365179013352219000
1365179013552180000
1365179013752163000
1365179013952110000
1365179014152070000
1365179014352037000
1365179014552018000
1365179014751960000
1365179014951924000
1365179015151892000
1365179015351856000
1365179015551812000
1365179015751825000
1365179015951731000
1365179016151706000
1365179016351668000
1365179016551628000
1365179016751596000
1365179016951548000
1365179017151519000
1365179017351481000
1365179017551443000
1365179017751409000
1365179017951363000
1365179018151337000
1365179018351303000
1365179018551258000
1365179018751225000
1365179018951189000
1365179019151153000
1365179019351113000
1365179019551081000
1365179019751072000
1365179019950998000
1365179020150971000
1365179020350927000
1365179020550891000
1365179020750875000
1365179020950818000
1365179021150783000
1365179021350746000
1365179021550708000
1365179021750673000
1365179021950624000
1365179022150598000
1365179022350560000
1365179022550524000
1365179022750487000
1365179022950444000
1365179023150414000
1365179023350389000
1365179023550340000
1365179023750337000
1365179023950265000
1365179024150226000
1365179024350190000
1365179024550156000
1365179024750118000
1365179024950084000
1365179025150042000
1365179025350008000
1365179025549969000
1365179025749935000
1365179025949898000
1365179026149862000
1365179026349823000
1365179026549788000
1365179026749750000
1365179026949702000
1365179027149681000
1365179027349643000
1365179027549603000
1365179027749572000
1365179027949530000
1365179028149494000
1365179028349458000
1365179028549422000
1365179028749382000
1365179028949337000
1365179029149310000
1365179029349272000
1365179029549234000
1365179029749201000
1365179029949174000
1365179030149129000
1365179030349085000
1365179030549049000
1365179030749011000
1365179030948994000
1365179031148974000
1365179031348904000
1365179031548864000
1365179031748845000
1365179031948789000
1365179032148767000
1365179032348717000
1365179032548679000
1365179032748645000
1365179032948600000
1365179033148569000
1365179033348533000
1365179033548496000
1365179033748459000
1365179033948423000
1365179034148386000
1365179034348351000
1365179034548315000
1365179034748277000
1365179034948239000
1365179035148205000
1365179035348165000
1365179035548151000
1365179035748105000
1365179035948046000
1365179036148019000
1365179036347983000
1365179036547946000
1365179036747909000
1365179036947868000
1365179037147849000
1365179037347796000
1365179037547764000
1365179037747771000
1365179037947692000
1365179038147647000
1365179038347630000
1365179038547578000
1365179038747547000
1365179038947495000
1365179039147465000
1365179039347431000
1365179039547392000
1365179039747377000
1365179039947319000
1365179040147281000
1365179040347248000
1365179040547214000
1365179040747643000
1365179040947129000
1365179041147121000
1365179041347059000
1365179041547025000
1365179041746985000
1365179041946940000
1365179042146941000
1365179042346905000
1365179042546838000
1365179042746800000
1365179042946877000
1365179043146730000
1365179043346692000
1365179043546656000
1365179043746617000
1365179043946574000
1365179044146547000
1365179044346518000
1365179044546470000
1365179044746450000
1365179044946505000
1365179045146360000
1365179045346340000
1365179045546297000
1365179045746257000
1365179045946216000
1365179046146203000
1365179046346137000
1365179046546119000
1365179046746072000
1365179046946021000
1365179047146003000
1365179047345957000
1365179047545917000
1365179047745879000
1365179047945837000
1365179048145829000
1365179048345774000
1365179048545738000
1365179048745697000
1365179048945654000
1365179049145634000
1365179049345617000
1365179049545550000
1365179049745513000
1365179049945476000
1365179050145443000
1365179050345404000
1365179050545368000
1365179050745335000
1365179050945325000
1365179051145256000
1365179051345219000
1365179051545184000
1365179051745149000
1365179051945098000
1365179052145071000
1365179052345036000
1365179052544998000
1365179052744961000
1365179052944915000
1365179053144890000
1365179053344849000
1365179053544812000
1365179053744779000
1365179053944738000
1365179054144701000
1365179054344666000
1365179054544630000
1365179054744593000
1365179054944551000
1365179055144523000
1365179055344480000
1365179055544439000
1365179055744409000
1365179055944373000
1365179056144382000
1365179056344298000
1365179056544261000
1365179056744240000
1365179056944188000
1365179057144169000
1365179057344112000
1365179057544106000
1365179057744041000
1365179057944286000
1365179058143986000
1365179058343928000
1365179058543895000
1365179058743856000
1365179058943832000
1365179059143782000
1365179059343746000
1365179059543710000
1365179059743677000
1365179059943626000
1365179060143597000
1365179060343560000
1365179060543525000
1365179060743485000
1365179060943441000
1365179061143417000
1365179061343375000
1365179061543339000
1365179061743305000
1365179061943259000
1365179062143232000
1365179062343196000
1365179062543160000
1365179062743120000
1365179062943076000
1365179063143075000
1365179063343006000
1365179063542999000
1365179063742935000
1365179063942888000
1365179064142860000
1365179064342835000
1365179064542786000
1365179064742769000
1365179064942708000
1365179065142680000
1365179065342639000
1365179065542603000
1365179065742566000
1365179065942529000
1365179066142523000
1365179066342459000
1365179066542417000
1365179066742382000
1365179066942349000
1365179067142340000
1365179067342284000
1365179067542250000
1365179067742199000
1365179067942152000
1365179068142127000
1365179068342108000
1365179068542049000
1365179068742016000
1365179068941968000
1365179069141958000
1365179069341907000
1365179069541869000
1365179069741832000
1365179069941785000
1365179070141771000
1365179070341723000
1365179070541682000
1365179070741682000
1365179070941599000
1365179071141571000
1365179071341543000
1365179071541500000
1365179071741461000
1365179071941415000
1365179072141390000
1365179072341350000
1365179072541318000
1365179072741269000
1365179072941233000
1365179073141208000
1365179073341198000
1365179073541124000
1365179073741095000
1365179073941049000
1365179074141050000
1365179074340994000
1365179074540947000
1365179074740912000
1365179074940865000
1365179075140847000
1365179075340800000
1365179075540767000
1365179075740725000
1365179075940680000
1365179076140656000
1365179076340614000
1365179076540578000
1365179076740542000
1365179076940495000
1365179077140470000
1365179077340429000
1365179077540405000
1365179077740362000
1365179077940313000
1365179078140299000
1365179078340249000
1365179078540216000
1365179078740176000
1365179078940126000
1365179079140098000
1365179079340063000
1365179079540025000
1365179079739993000
1365179079939945000
1365179080139920000
1365179080339881000
1365179080539880000
1365179080739803000
1365179080939763000
1365179081139731000
1365179081339697000
1365179081539660000
1365179081739621000
1365179081939574000
1365179082139548000
1365179082339509000
1365179082539472000
1365179082739488000
1365179082939392000
1365179083139364000
1365179083339326000
1365179083539290000
1365179083739254000
1365179083939207000
1365179084139181000
1365179084339142000
1365179084539107000
1365179084739070000
1365179084939025000
1365179085139001000
1365179085338958000
1365179085538922000
1365179085738887000
1365179085938854000
1365179086138812000
1365179086338772000
1365179086538737000
1365179086738701000
1365179086938655000
1365179087138630000
1365179087338592000
1365179087538557000
1365179087738520000
1365179087938472000
1365179088138446000
1365179088338407000
1365179088538373000
1365179088738326000
1365179088938317000
1365179089138275000
1365179089338222000
1365179089538184000
1365179089738151000
1365179089938103000
1365179090138087000
1365179090338041000
1365179090538020000
1365179090737984000
1365179090937923000
1365179091137896000
1365179091337855000
1365179091537818000
1365179091737783000
1365179091937735000
1365179092137710000
1365179092337671000
1365179092537634000
1365179092737598000
1365179092937552000
1365179093137536000
1365179093337486000
1365179093537458000
1365179093737414000
1365179093937369000
1365179094137344000
1365179094337302000
1365179094537267000
1365179094737228000
1365179094937184000
1365179095137162000
1365179095337138000
1365179095537082000
1365179095737046000
1365179095937011000
1365179096136990000
1365179096336954000
1365179096536897000
1365179096736860000
1365179096936817000
1365179097136815000
1365179097336750000
1365179097536716000
1365179097736680000
1365179097936632000
1365179098136605000
1365179098336565000
1365179098536529000
1365179098736492000
1365179098936448000
1365179099136424000
1365179099336383000
1365179099536370000
1365179099736311000
1365179099936283000
1365179100136237000
1365179100336218000
1365179100536605000
1365179100736128000
1365179100936081000
1365179101136053000
1365179101336019000
1365179101535984000
1365179101735941000
1365179101936005000
1365179102136550000
1365179102335879000
1365179102535791000
1365179102735760000
1365179102935730000
1365179103135704000
1365179103335688000
1365179103536147000
1365179103735577000
1365179103935530000
1365179104135497000
1365179104335464000
1365179104535423000
1365179104735390000
1365179104935342000
1365179105135314000
1365179105335278000
1365179105535242000
1365179105735205000
1365179105935160000
1365179106135130000
1365179106335092000
1365179106535065000
1365179106735020000
1365179106934979000
1365179107134948000
1365179107334910000
1365179107534872000
1365179107734841000
1365179107934791000
1365179108134767000
1365179108334727000
1365179108534687000
1365179108734653000
1365179108934619000
1365179109134578000
1365179109334556000
1365179109534510000
1365179109734467000
1365179109934439000
1365179110134394000
1365179110334358000
1365179110534320000
1365179110734283000
1365179110934240000
1365179111134209000
1365179111334176000
1365179111534138000
1365179111734102000
1365179111934058000
1365179112134046000
1365179112333989000
1365179112533952000
1365179112733916000
1365179112933871000
1365179113133860000
1365179113333807000
1365179113533768000
1365179113733733000
1365179113933697000
1365179114133658000
1365179114333624000
1365179114533586000
1365179114733552000
1365179114933509000
1365179115133473000
1365179115333439000
1365179115533401000
1365179115733404000
1365179115933325000
1365179116133294000
1365179116333255000
1365179116533220000
1365179116733182000
1365179116933145000
1365179117133126000
1365179117333074000
1365179117533035000
1365179117732989000
1365179117932950000
1365179118132923000
1365179118332885000
1365179118532879000
1365179118732829000
1365179118932776000
1365179119132736000
1365179119332716000
1365179119532681000
1365179119732628000
1365179119932584000
1365179120132554000
1365179120332532000
1365179120532480000
1365179120732443000
1365179120932404000
1365179121132389000
1365179121332334000
1365179121532297000
1365179121732261000
1365179121932215000
1365179122132189000
1365179122332151000
1365179122532119000
1365179122732075000
1365179122932031000
1365179123132020000
1365179123331966000
1365179123531931000
1365179123731905000
1365179123931855000
1365179124131825000
1365179124331789000
1365179124531761000
1365179124731721000
1365179124931664000
1365179125131636000
1365179125331602000
1365179125531575000
1365179125731538000
1365179125931480000
1365179126131449000
1365179126331414000
1365179126531381000
1365179126731341000
1365179126931296000
1365179127131304000
1365179127331248000
1365179127531194000
1365179127731155000
1365179127931124000
1365179128131086000
1365179128331046000
1365179128531301000
1365179128730974000
1365179128930926000
1365179129130900000
1365179129330861000
1365179129530831000
1365179129730789000
1365179129930743000
1365179130130716000
1365179130330690000
1365179130530642000
1365179130730609000
1365179130930562000
1365179131130533000
1365179131330502000
1365179131530457000
1365179131730422000
1365179131930382000
1365179132130346000
1365179132330311000
1365179132530274000
1365179132730237000
1365179132930191000
1365179133130163000
1365179133330126000
1365179133530089000
1365179133730058000
1365179133930007000
1365179134129981000
1365179134329958000
1365179134529905000
1365179134729868000
1365179134929830000
1365179135129797000
1365179135329760000
1365179135529720000
1365179135729688000
1365179135929640000
1365179136129616000
1365179136329573000
1365179136529541000
1365179136729503000
1365179136929458000
1365179137129429000
1365179137329391000
1365179137529354000
1365179137729329000
1365179137929272000
1365179138129244000
1365179138329208000
1365179138529171000
1365179138729155000
1365179138929087000
1365179139129062000
1365179139329042000
1365179139528991000
1365179139728949000
1365179139928904000
1365179140128876000
1365179140328867000
1365179140528807000
1365179140728768000
1365179140928721000
1365179141128692000
1365179141328671000
1365179141528617000
1365179141728588000
1365179141928536000
1365179142128508000
1365179142328490000
1365179142528435000
1365179142728402000
1365179142928354000
1365179143128358000
1365179143328287000
1365179143528254000
1365179143728217000
1365179143928171000
1365179144128146000
1365179144328105000
1365179144528070000
1365179144728038000
1365179144927986000
1365179145127959000
1365179145327924000
1365179145527896000
1365179145727846000
1365179145927802000
1365179146127773000
1365179146327766000
1365179146527703000
1365179146727662000
1365179146927616000
1365179147127608000
1365179147327554000
1365179147527514000
1365179147727476000
1365179147927438000
1365179148127404000
1365179148327367000
1365179148527364000
1365179148727294000
1365179148927249000
1365179149127223000
1365179149327201000
1365179149527137000
1365179149727109000
1365179149927073000
1365179150127057000
1365179150327016000
1365179150526963000
1365179150726929000
1365179150926891000
1365179151126880000
1365179151326815000
1365179151526784000
1365179151726746000
1365179151926699000
1365179152126672000
1365179152326698000
1365179152526598000
1365179152726558000
1365179152926519000
1365179153126486000
1365179153326449000
1365179153526466000
1365179153726375000
1365179153926331000
1365179154126300000
1365179154326267000
1365179154526228000
1365179154726193000
1365179154926156000
1365179155126233000
1365179155326125000
1365179155526073000
1365179155726006000
1365179155925963000
1365179156125932000
1365179156325897000
1365179156526465000
1365179156725827000
1365179156925784000
1365179157125900000
1365179157325771000
1365179157525712000
1365179157725643000
1365179157925595000
1365179158125769000
1365179158325531000
1365179158525497000
1365179158725457000
1365179158925409000
1365179159125381000
1365179159325344000
1365179159525316000
1365179159725272000
1365179159925235000
1365179160125198000
1365179160325162000
1365179160525126000
1365179160725088000
1365179160925046000
1365179161125019000
1365179161324978000
1365179161524942000
1365179161724948000
1365179161924862000
1365179162124832000
1365179162324797000
1365179162524770000
1365179162724718000
1365179162924676000
1365179163124647000
1365179163324608000
1365179163524575000
1365179163724538000
1365179163924490000
1365179164124483000
1365179164324426000
1365179164524390000
1365179164724345000
1365179164924320000
1365179165124280000
1365179165324252000
1365179165524232000
1365179165724281000
1365179165924129000
1365179166124092000
1365179166324056000
1365179166524058000
1365179166723985000
1365179166923940000
1365179167123917000
1365179167323880000
1365179167523837000
1365179167723801000
1365179167923765000
1365179168123741000
1365179168323691000
1365179168523659000
1365179168723618000
1365179168923581000
1365179169123576000
1365179169323508000
1365179169523468000
1365179169723434000
1365179169923386000
1365179170123357000
1365179170323346000
1365179170523288000
1365179170723251000
1365179170923204000
1365179171123174000
1365179171323139000
1365179171523104000
1365179171723065000
1365179171923026000
1365179172122992000
1365179172322954000
1365179172522920000
1365179172722881000
1365179172922841000
1365179173122808000
1365179173322769000
1365179173522762000
1365179173722699000
1365179173922651000
1365179174122628000
1365179174322591000
1365179174522548000
1365179174722512000
1365179174922476000
1365179175122439000
1365179175322403000
1365179175522365000
1365179175722327000
1365179175922284000
1365179176122275000
1365179176322218000
1365179176522183000
1365179176722145000
1365179176922125000
1365179177122080000
1365179177322040000
1365179177522001000
1365179177721961000
1365179177921916000
1365179178121888000
1365179178321850000
1365179178521820000
1365179178721780000
1365179178921730000
1365179179121703000
1365179179321666000
1365179179521641000
1365179179721592000
1365179179921547000
1365179180121520000
1365179180322629000
1365179180521470000
1365179180721409000
1365179180921397000
1365179181121341000
1365179181321299000
1365179181521260000
1365179181721224000
1365179181921179000
1365179182121152000
1365179182321120000
1365179182521080000
1365179182721039000
1365179182921014000
1365179183120982000
1365179183320930000
1365179183520897000
1365179183720858000
1365179183920817000
1365179184120786000
1365179184320748000
1365179184520711000
1365179184720678000
1365179184920628000
1365179185120598000
1365179185320568000
1365179185520525000
1365179185720505000
1365179185920444000
1365179186120417000
1365179186320389000
1365179186520346000
1365179186720308000
1365179186920269000
1365179187120233000
1365179187320214000
1365179187520160000
1365179187720123000
1365179187920079000
1365179188120052000
1365179188320012000
1365179188519989000
1365179188719942000
1365179188919893000
1365179189119870000
1365179189319828000
1365179189519792000
1365179189719754000
1365179189919709000
1365179190119682000
1365179190319645000
1365179190519607000
1365179190719575000
1365179190919525000
1365179191119503000
1365179191319468000
1365179191519422000
1365179191719392000
1365179191919340000
1365179192119314000
1365179192319274000
1365179192519239000
1365179192719199000
1365179192919156000
1365179193119131000
1365179193319122000
1365179193519055000
1365179193719019000
1365179193918974000
1365179194118960000
1365179194318910000
1365179194518873000
1365179194718834000
1365179194918798000
1365179195118764000
1365179195318724000
1365179195518687000
1365179195718650000
1365179195918606000
1365179196118576000
1365179196318557000
1365179196518494000
1365179196718471000
1365179196918431000
1365179197118395000
1365179197318357000
1365179197518325000
1365179197718310000
1365179197918239000
1365179198118228000
1365179198318174000
1365179198518143000
1365179198718102000
1365179198918062000
1365179199118028000
1365179199317989000
1365179199517952000
1365179199717945000
1365179199917905000
1365179200117845000
1365179200317806000
1365179200517780000
1365179200717730000
1365179200917696000
1365179201117661000
1365179201317621000
1365179201517582000
1365179201717546000
1365179201917502000
1365179202117475000
1365179202317455000
1365179202517413000
1365179202717363000
1365179202917330000
1365179203117303000
1365179203317256000
1365179203517218000
1365179203717178000
1365179203917134000
1365179204117109000
1365179204317071000
1365179204517065000
1365179204716997000
1365179204916984000
1365179205116923000
1365179205316887000
1365179205516872000
1365179205716813000
1365179205916859000
1365179206116740000
1365179206316702000
1365179206516666000
1365179206716630000
1365179206916585000
1365179207116553000
1365179207316519000
1365179207516482000
1365179207716442000
1365179207916409000
1365179208116373000
1365179208316339000
1365179208516375000
1365179208716510000
1365179208916446000
1365179209116212000
1365179209316178000
1365179209516113000
1365179209716073000
1365179209916041000
1365179210116001000
1365179210315982000
1365179210515929000
1365179210715892000
1365179210916216000
1365179211115847000
1365179211315944000
1365179211515748000
1365179211715709000
1365179211915674000
1365179212115635000
1365179212315597000
1365179212515573000
1365179212715551000
1365179212915491000
1365179213115477000
1365179213315415000
1365179213515647000
1365179213715340000
1365179213915307000
1365179214115268000
1365179214315230000
1365179214515193000
1365179214715158000
1365179214915119000
1365179215115082000
1365179215315067000
1365179215515013000
1365179215714974000
1365179215914935000
1365179216114902000
1365179216314874000
1365179216514826000
1365179216714795000
1365179216914755000
1365179217114741000
1365179217314678000
1365179217514666000
1365179217714603000
1365179217914589000
1365179218114532000
1365179218314494000
1365179218514459000
1365179218714424000
1365179218914385000
1365179219114347000
1365179219314310000
1365179219514286000
1365179219714238000
1365179219914200000
1365179220114164000
1365179220314128000
1365179220514091000
1365179220714052000
1365179220914015000
1365179221113997000
1365179221313950000
1365179221513907000
1365179221713868000
1365179221913835000
1365179222113799000
1365179222313761000
1365179222513724000
1365179222713749000
1365179222913651000
1365179223113628000
1365179223313576000
1365179223513545000
1365179223713540000
1365179223913480000
1365179224113439000
1365179224313398000
1365179224513382000
1365179224713361000
1365179224913300000
1365179225113246000
1365179225313225000
1365179225513173000
1365179225713136000
1365179225913098000
1365179226113061000
1365179226313063000
1365179226513002000
1365179226712951000
1365179226912928000
1365179227112877000
1365179227312848000
1365179227512832000
1365179227712767000
1365179227912730000
1365179228112693000
1365179228312659000
1365179228512621000
1365179228712976000
1365179228912539000
1365179229112512000
1365179229312475000
1365179229512438000
1365179229712402000
1365179229912362000
1365179230112370000
1365179230312290000
1365179230512253000
1365179230712217000
1365179230912180000
1365179231112146000
1365179231312106000
1365179231512068000
1365179231712031000
1365179231911986000
1365179232111955000
1365179232311923000
1365179232511888000
1365179232711849000
1365179232911826000
1365179233111774000
1365179233311738000
1365179233511706000
1365179233711663000
1365179233911627000
1365179234111600000
1365179234311553000
1365179234511516000
1365179234711491000
1365179234911445000
1365179235111414000
1365179235311390000
1365179235511336000
1365179235711309000
1365179235911260000
1365179236111225000
1365179236311187000
1365179236511151000
1365179236711117000
1365179236911076000
1365179237111038000
1365179237311001000
1365179237510982000
1365179237710939000
1365179237910891000
1365179238110857000
1365179238310824000
1365179238510783000
1365179238710741000
1365179238910706000
1365179239110677000
1365179239310641000
1365179239510608000
1365179239710564000
1365179239910522000
1365179240110485000
1365179240310469000
1365179240510432000
1365179240710379000
1365179240910337000
1365179241110306000
1365179241310281000
1365179241510233000
1365179241710190000
1365179241910158000
1365179242110122000
1365179242310102000
1365179242510060000
1365179242710008000
1365179242909988000
1365179243109936000
1365179243309901000
1365179243509863000
1365179243709823000
1365179243909788000
1365179244109752000
1365179244309713000
1365179244509681000
1365179244709662000
1365179244909602000
1365179245109566000
1365179245309535000
1365179245509510000
1365179245709456000
1365179245909419000
1365179246109382000
1365179246309358000
1365179246509311000
1365179246709274000
1365179246909238000
1365179247109198000
1365179247309164000
1365179247509127000
1365179247709092000
1365179247909053000
1365179248109014000
1365179248308976000
1365179248508939000
1365179248708903000
1365179248908875000
1365179249108831000
1365179249308796000
1365179249508789000
1365179249708718000
1365179249908683000
1365179250108649000
1365179250308608000
1365179250508574000
1365179250708541000
1365179250908502000
1365179251108465000
1365179251308430000
1365179251508390000
1365179251708353000
1365179251908314000
1365179252108304000
1365179252308242000
1365179252508239000
1365179252708168000
1365179252908133000
1365179253108096000
1365179253308060000
1365179253508022000
1365179253707988000
1365179253907950000
1365179254107911000
1365179254307875000
1365179254507837000
1365179254707802000
1365179254907768000
1365179255107727000
1365179255307690000
1365179255507652000
1365179255707616000
1365179255907599000
1365179256107544000
1365179256307506000
1365179256507471000
1365179256707432000
1365179256907420000
1365179257107357000
1365179257307321000
1365179257507288000
1365179257707250000
1365179257907214000
1365179258107176000
1365179258307142000
1365179258507104000
1365179258707070000
1365179258907028000
1365179259106995000
1365179259306957000
1365179259506966000
1365179259706891000
1365179259906844000
1365179260106808000
1365179260306760000
1365179260506723000
1365179260706700000
1365179260906662000
1365179261106624000
1365179261306578000
1365179261506548000
1365179261706578000
1365179261906493000
1365179262106452000
1365179262306403000
1365179262506369000
1365179262706328000
1365179262906310000
1365179263106253000
1365179263306219000
1365179263506181000
1365179263706154000
1365179263906113000
1365179264106071000
1365179264306044000
1365179264505995000
1365179264706001000
1365179264905923000
1365179265105924000
1365179265305848000
1365179265505815000
1365179265705794000
1365179265905765000
1365179266105703000
1365179266305669000
1365179266505658000
1365179266705697000
1365179266905600000
1365179267105520000
1365179267305507000
1365179267505462000
1365179267705406000
1365179267905404000
1365179268105335000
1365179268305295000
1365179268505296000
1365179268705222000
1365179268905222000
1365179269105149000
1365179269305116000
1365179269505076000
1365179269705042000
1365179269905045000
1365179270104968000
1365179270304928000
1365179270504892000
1365179270704858000
1365179270904818000
1365179271104786000
1365179271304744000
1365179271504700000
1365179271704670000
1365179271904671000
1365179272104597000
1365179272304560000
1365179272504539000
1365179272704485000
1365179272904452000
1365179273104444000
1365179273304377000
1365179273504400000
1365179273704305000
1365179273904264000
1365179274104231000
1365179274304195000
1365179274504154000
1365179274704117000
1365179274904084000
1365179275104098000
1365179275304029000
1365179275503971000
1365179275703934000
1365179275903899000
1365179276103862000
1365179276303822000
1365179276503785000
1365179276703752000
1365179276903746000
1365179277103680000
1365179277303640000
1365179277503601000
1365179277703568000
1365179277903560000
1365179278103492000
1365179278303460000
1365179278503420000
1365179278703403000
1365179278903346000
1365179279103327000
1365179279303270000
1365179279503239000
1365179279703197000
1365179279903163000
1365179280103137000
1365179280303085000
1365179280503069000
1365179280703018000
1365179280902976000
1365179281102967000
1365179281302903000
1365179281502867000
1365179281702830000
1365179281902809000
1365179282102760000
1365179282302738000
1365179282502681000
1365179282702645000
1365179282902612000
1365179283102571000
1365179283302533000
1365179283502499000
1365179283702460000
1365179283902426000
1365179284102390000
1365179284302363000
1365179284502315000
1365179284702276000
1365179284902239000
1365179285102203000
1365179285302166000
1365179285502134000
1365179285702090000
1365179285902057000
1365179286102018000
1365179286301997000
1365179286501946000
1365179286701917000
1365179286901873000
1365179287101835000
1365179287301802000
1365179287501760000
1365179287701724000
1365179287901689000
1365179288101650000
1365179288301617000
1365179288501580000
1365179288701553000
1365179288901506000
1365179289101492000
1365179289301431000
1365179289501396000
1365179289701359000
1365179289901318000
1365179290101275000
1365179290301270000
1365179290501210000
1365179290701189000
1365179290901151000
1365179291101097000
1365179291301062000
1365179291501026000
1365179291700992000
1365179291900949000
1365179292101157000
1365179292300879000
1365179292500840000
1365179292700803000
1365179292900775000
1365179293100728000
1365179293300693000
1365179293500658000
1365179293700621000
1365179293900594000
1365179294100546000
1365179294300509000
1365179294500484000
1365179294700436000
1365179294900402000
1365179295100377000
1365179295300327000
1365179295500287000
1365179295700252000
1365179295900231000
1365179296100177000
1365179296300180000
1365179296500106000
1365179296700072000
1365179296900032000
1365179297099994000
1365179297299958000
1365179297499919000
1365179297699897000
1365179297899847000
1365179298099810000
1365179298299777000
1365179298499736000
1365179298699701000
1365179298899685000
1365179299099630000
1365179299299590000
1365179299499559000
1365179299699530000
1365179299899479000
1365179300099441000
1365179300299412000
1365179300499370000
1365179300699330000
1365179300899308000
1365179301099260000
1365179301299224000
1365179301499183000
1365179301699259000
1365179301899110000
1365179302099074000
1365179302299039000
1365179302499003000
1365179302698966000
1365179302898917000
1365179303098892000
1365179303298851000
1365179303498816000
1365179303698797000
1365179303898743000
1365179304098711000
1365179304298669000
1365179304498633000
1365179304698610000
1365179304898557000
1365179305098528000
1365179305298488000
1365179305498446000
1365179305698409000
1365179305898375000
1365179306098336000
1365179306298300000
1365179306498263000
1365179306698227000
1365179306898248000
1365179307098185000
1365179307298119000
1365179307498101000
1365179307698045000
1365179307898011000
1365179308097995000
1365179308297932000
1365179308497895000
1365179308697861000
1365179308897826000
1365179309097784000
1365179309297746000
1365179309497711000
1365179309697674000
1365179309897652000
1365179310097602000
1365179310297564000
1365179310497527000
1365179310697482000
1365179310897453000
1365179311097421000
1365179311297383000
1365179311497346000
1365179311697317000
1365179311897275000
1365179312097234000
1365179312297197000
1365179312497160000
1365179312697126000
1365179312897085000
1365179313097049000
1365179313297012000
1365179313496975000
1365179313696954000
1365179313896902000
1365179314096883000
1365179314296900000
1365179314496821000
1365179314696759000
1365179314896737000
1365179315096672000
1365179315296645000
1365179315496622000
1365179315696571000
1365179315896615000
1365179316096498000
1365179316296462000
1365179316496468000
1365179316696434000
1365179316896391000
1365179317096316000
1365179317296275000
1365179317496237000
1365179317696203000
1365179317896210000
1365179318096153000
1365179318296094000
1365179318496055000
1365179318696018000
1365179318896012000
1365179319095947000
1365179319295912000
1365179319495871000
1365179319695834000
1365179319895798000
1365179320095762000
1365179320295728000
1365179320495686000
1365179320695918000
1365179320895612000
1365179321095577000
1365179321295542000
1365179321495507000
1365179321695480000
1365179321895433000
1365179322095598000
1365179322295359000
1365179322495335000
1365179322695286000
1365179322895247000
1365179323095211000
1365179323295171000
1365179323495134000
1365179323695098000
1365179323895081000
1365179324095028000
1365179324294990000
1365179324494962000
1365179324695066000
1365179324894878000
1365179325094840000
1365179325294804000
1365179325494767000
1365179325694734000
1365179325894692000
1365179326094656000
1365179326294638000
1365179326494585000
1365179326694569000
1365179326894509000
1365179327094475000
1365179327294455000
1365179327494400000
1365179327694360000
1365179327894356000
1365179328094294000
1365179328294251000
1365179328494229000
1365179328694179000
1365179328894143000
1365179329094104000
1365179329294069000
1365179329494030000
1365179329693995000
1365179329893957000
1365179330093943000
1365179330293885000
1365179330493848000
1365179330693807000
1365179330893773000
1365179331093733000
1365179331293699000
1365179331493661000
1365179331693625000
1365179331893599000
1365179332093555000
1365179332293516000
1365179332493487000
1365179332693441000
1365179332893418000
1365179333093375000
1365179333293332000
1365179333493330000
1365179333693259000
1365179333893219000
1365179334093185000
1365179334293148000
1365179334493145000
1365179334693071000
1365179334893037000
1365179335093016000
1365179335292960000
1365179335492930000
1365179335692887000
1365179335892854000
1365179336092817000
1365179336292779000
1365179336492769000
1365179336692705000
1365179336892667000
1365179337092632000
1365179337292594000
1365179337492550000
1365179337692522000
1365179337893402000
1365179338092449000
1365179338292413000
1365179338492373000
1365179338692336000
1365179338892305000
1365179339092265000
1365179339292226000
1365179339492191000
1365179339692155000
1365179339892118000
1365179340092082000
1365179340292041000
1365179340492004000
1365179340691970000
1365179340891931000
1365179341091896000
1365179341291858000
1365179341491820000
1365179341691786000
1365179341891749000
1365179342091719000
1365179342291680000
1365179342491637000
1365179342691601000
1365179342891572000
1365179343091534000
1365179343291512000
1365179343491453000
1365179343691416000
1365179343891380000
1365179344091348000
1365179344291307000
1365179344491272000
1365179344691230000
1365179344891194000
1365179345091160000
1365179345291122000
1365179345491083000
1365179345691050000
1365179345891015000
1365179346090976000
1365179346290938000
1365179346490900000
1365179346690864000
1365179346890827000
1365179347090820000
1365179347290755000
1365179347490715000
1365179347690680000
1365179347890646000
1365179348090607000
1365179348290583000
1365179348490532000
1365179348690495000
1365179348890460000
1365179349090425000
1365179349290391000
1365179349490352000
1365179349690314000
1365179349890274000
1365179350090241000
1365179350290202000
1365179350490166000
1365179350690142000
1365179350890089000
1365179351090062000
1365179351290051000
1365179351489984000
1365179351689981000
1365179351889912000
1365179352089873000
1365179352289844000
1365179352489799000
1365179352689758000
1365179352889812000
1365179353089690000
1365179353289651000
1365179353489613000
1365179353689620000
1365179353889541000
1365179354089513000
1365179354289468000
1365179354489429000
1365179354689393000
1365179354889356000
1365179355089319000
1365179355289284000
1365179355489245000
1365179355689234000
1365179355889170000
1365179356089135000
1365179356289140000
1365179356489064000
1365179356689041000
1365179356888989000
1365179357088952000
1365179357288916000
1365179357488877000
1365179357688846000
1365179357888805000
1365179358088765000
1365179358288742000
1365179358488693000
1365179358688667000
1365179358888619000
1365179359088585000
1365179359288546000
1365179359488538000
1365179359688474000
1365179359888437000
1365179360088412000
1365179360288365000
1365179360488323000
1365179360688288000
1365179360888283000
1365179361088217000
1365179361288179000
1365179361488142000
1365179361688122000
1365179361888082000
1365179362088032000
1365179362287993000
1365179362487957000
1365179362687924000
1365179362887883000
1365179363087849000
1365179363287811000
1365179363487779000
1365179363687738000
1365179363887707000
1365179364087662000
1365179364287627000
1365179364487596000
1365179364687549000
1365179364887515000
1365179365087479000
1365179365287442000
1365179365487420000
1365179365687366000
1365179365887335000
1365179366087300000
1365179366287257000
1365179366487235000
1365179366687190000
1365179366887315000
1365179367087112000
1365179367287090000
1365179367487028000
1365179367686999000
1365179367886976000
1365179368086951000
1365179368286907000
1365179368486854000
1365179368686820000
1365179368886781000
1365179369086744000
1365179369286727000
1365179369486669000
1365179369686635000
1365179369886599000
1365179370086561000
1365179370286594000
1365179370486483000
1365179370686448000
1365179370886435000
1365179371086376000
1365179371286341000
1365179371486342000
1365179371686264000
1365179371886232000
1365179372086191000
1365179372286153000
1365179372486116000
1365179372686078000
1365179372886048000
1365179373086011000
1365179373285973000
1365179373485960000
1365179373685892000
1365179373885891000
1365179374085835000
1365179374285842000
1365179374485754000
1365179374685703000
1365179374885687000
1365179375085641000
1365179375285605000
1365179375485571000
1365179375685530000
1365179375885490000
1365179376085458000
1365179376285419000
1365179376485383000
1365179376685358000
1365179376885304000
1365179377085275000
1365179377285251000
1365179377485230000
1365179377685159000
1365179377885126000
1365179378085087000
1365179378285049000
1365179378485019000
1365179378684980000
1365179378884942000
1365179379084903000
1365179379284863000
1365179379484833000
1365179379684816000
1365179379884755000
1365179380084720000
1365179380284681000
1365179380484646000
1365179380684614000
1365179380884572000
1365179381084534000
1365179381284499000
1365179381484460000
1365179381684427000
1365179381884388000
1365179382084403000
1365179382284313000
1365179382484275000
1365179382684259000
1365179382884427000
1365179383084164000
1365179383284128000
1365179383484122000
1365179383684058000
1365179383884037000
1365179384083985000
1365179384283945000
1365179384483911000
1365179384683871000
1365179384883826000
1365179385083799000
1365179385283764000
1365179385483727000
1365179385683701000
1365179385883654000
1365179386083616000
1365179386283575000
1365179386483542000
1365179386683549000
1365179386883464000
1365179387083437000
1365179387283393000
1365179387483361000
1365179387683402000
1365179387883284000
1365179388083249000
1365179388283211000
1365179388483174000
1365179388683202000
1365179388883100000
1365179389083061000
1365179389283023000
1365179389482990000
1365179389682951000
1365179389882914000
1365179390082894000
1365179390282839000
1365179390482819000
1365179390683168000
1365179390882734000
1365179391082695000
1365179391282657000
1365179391482619000
1365179391682596000
1365179391882546000
1365179392082512000
1365179392282473000
1365179392482436000
1365179392682398000
1365179392882361000
1365179393082325000
1365179393282288000
1365179393482249000
1365179393682220000
1365179393882180000
1365179394082141000
1365179394282103000
1365179394482070000
1365179394682031000
1365179394881993000
1365179395081986000
1365179395281922000
1365179395481884000
1365179395681846000
1365179395881812000
1365179396081772000
1365179396281741000
1365179396481702000
1365179396681665000
1365179396881624000
1365179397081591000
1365179397281553000
1365179397481516000
1365179397681480000
1365179397881441000
1365179398081405000
1365179398281369000
1365179398481331000
1365179398681297000
1365179398881277000
1365179399081252000
1365179399281189000
1365179399481156000
1365179399681109000
1365179399881074000
1365179400081042000
1365179400281002000
1365179400480964000
1365179400680926000
1365179400880889000
1365179401080855000
1365179401280819000
1365179401480780000
1365179401680964000
1365179401880707000
1365179402080670000
1365179402280631000
1365179402480597000
1365179402680566000
1365179402880531000
1365179403080492000
1365179403280449000
1365179403480413000
1365179403680377000
1365179403880341000
1365179404080300000
1365179404280266000
1365179404480227000
1365179404680189000
1365179404880160000
1365179405080119000
1365179405280082000
1365179405480061000
1365179405680008000
1365179405879971000
1365179406079934000
1365179406279934000
1365179406479864000
1365179406679824000
1365179406879785000
1365179407079751000
1365179407279726000
1365179407479674000
1365179407679639000
1365179407879603000
1365179408079582000
1365179408279555000
1365179408479491000
1365179408679474000
1365179408879422000
1365179409079608000
1365179409279348000
1365179409479311000
1365179409679274000
1365179409879247000
1365179410079236000
1365179410279162000
1365179410479124000
1365179410679099000
1365179410879049000
1365179411079013000
1365179411278980000
1365179411478941000
1365179411678902000
1365179411878866000
1365179412078832000
1365179412278791000
1365179412478774000
1365179412678720000
1365179412878682000
1365179413078644000
1365179413278608000
1365179413478564000
1365179413678565000
1365179413878500000
1365179414078464000
1365179414278432000
1365179414478391000
1365179414678354000
1365179414878315000
1365179415078276000
1365179415281234000
1365179415478203000
1365179415678168000
1365179415878150000
1365179416078094000
1365179416278055000
1365179416478021000
1365179416678015000
1365179416877947000
1365179417078206000
1365179417277872000
1365179417477844000
1365179417677840000
1365179417877831000
1365179418077724000
1365179418277688000
1365179418477979000
1365179418677622000
1365179418877580000
1365179419077542000
1365179419277528000
1365179419477474000
1365179419677432000
1365179419877399000
1365179420077356000
1365179420277323000
1365179420477285000
1365179420677248000
1365179420877210000
1365179421077173000
1365179421277156000
1365179421477101000
1365179421677124000
1365179421877026000
1365179422076994000
1365179422276955000
1365179422476918000
1365179422676897000
1365179422876844000
1365179423076807000
1365179423276769000
1365179423476731000
1365179423676696000
1365179423876659000
1365179424076622000
1365179424276584000
1365179424476549000
1365179424676509000
1365179424876494000
1365179425076436000
1365179425276399000
1365179425476373000
1365179425676330000
1365179425876296000
1365179426076256000
1365179426276265000
1365179426476206000
1365179426676172000
1365179426876164000
1365179427076150000
1365179427276037000
1365179427476001000
1365179427675964000
1365179427875975000
1365179428075884000
1365179428275981000
1365179428475919000
1365179428675778000
1365179428875770000
1365179429075702000
1365179429275663000
1365179429475628000
1365179429675612000
1365179429875578000
1365179430075548000
1365179430275487000
1365179430475444000
1365179430675411000
1365179430875624000
1365179431075332000
1365179431275296000
1365179431475261000
1365179431675323000
1365179431875184000
1365179432075187000
1365179432275114000
1365179432475079000
1365179432675041000
1365179432875005000
1365179433074970000
1365179433274929000
1365179433474891000
1365179433674854000
1365179433874829000
1365179434074790000
1365179434274749000
1365179434474708000
1365179434674677000
1365179434874637000
1365179435074600000
1365179435274564000
1365179435474524000
1365179435674487000
1365179435874449000
1365179436074425000
1365179436274376000
1365179436474343000
1365179436674328000
1365179436874265000
1365179437074232000
1365179437274197000
1365179437474165000
1365179437674117000
1365179437874082000
1365179438074046000
1365179438274013000
1365179438473975000
1365179438673992000
1365179438873899000
1365179439073862000
1365179439273825000
1365179439473788000
1365179439673750000
1365179439873726000
1365179440073676000
1365179440273643000
1365179440473603000
1365179440673567000
1365179440873529000
1365179441073498000
1365179441273458000
1365179441473425000
1365179441673382000
1365179441873348000
1365179442073312000
1365179442273277000
1365179442473236000
1365179442673200000
1365179442873166000
1365179443073128000
1365179443273102000
1365179443473058000
1365179443673020000
1365179443872977000
1365179444072946000
1365179444272906000
1365179444472868000
1365179444672829000
1365179444872793000
1365179445072757000
1365179445272766000
1365179445472685000
1365179445672649000
1365179445872624000
1365179446072589000
1365179446272552000
1365179446472515000
1365179446672468000
1365179446872443000
1365179447072391000
1365179447272358000
1365179447472322000
1365179447672283000
1365179447872243000
1365179448072206000
1365179448272170000
1365179448472135000
1365179448672097000
1365179448872059000
1365179449072028000
1365179449271984000
1365179449471952000
1365179449671926000
1365179449871876000
1365179450071839000
1365179450271804000
1365179450471780000
1365179450671728000
1365179450871693000
1365179451071670000
1365179451271622000
1365179451471582000
1365179451671572000
1365179451871537000
1365179452071470000
1365179452271435000
1365179452471400000
1365179452671371000
1365179452871323000
1365179453071319000
1365179453271264000
1365179453471216000
1365179453671176000
1365179453871139000
1365179454071106000
1365179454271066000
1365179454471066000
1365179454670992000
1365179454870958000
1365179455070921000
1365179455270884000
1365179455470846000
1365179455670858000
1365179455870771000
1365179456070735000
1365179456270696000
1365179456470665000
1365179456670625000
1365179456870593000
1365179457070553000
1365179457270514000
1365179457470492000
1365179457670443000
1365179457870403000
1365179458070366000
1365179458270332000
1365179458470291000
1365179458670259000
1365179458870220000
1365179459070189000
1365179459270149000
1365179459470111000
1365179459670072000
1365179459870039000
1365179460070002000
1365179460269962000
1365179460469926000
1365179460669891000
1365179460869886000
1365179461069844000
1365179461269780000
1365179461469745000
1365179461669704000
1365179461869671000
1365179462069633000
1365179462269593000
1365179462469559000
1365179462669694000
1365179462869610000
1365179463069451000
1365179463269496000
1365179463469374000
1365179463669341000
1365179463869302000
1365179464069267000
1365179464269241000
1365179464469190000
1365179464669153000
1365179464869118000
1365179465069079000
1365179465269047000
1365179465469012000
1365179465668972000
1365179465868935000
1365179466068915000
1365179466268861000
1365179466468823000
1365179466668787000
1365179466868753000
1365179467068713000
1365179467268677000
1365179467468639000
1365179467668604000
1365179467868572000
1365179468068550000
1365179468268492000
1365179468468460000
1365179468668421000
1365179468868381000
1365179469068344000
1365179469268308000
1365179469468270000
1365179469668239000
1365179469868228000
1365179470068197000
1365179470268128000
1365179470468087000
1365179470668052000
1365179470868013000
1365179471067977000
1365179471267940000
1365179471467905000
1365179471667884000
1365179471867917000
1365179472067795000
1365179472267758000
1365179472467732000
1365179472667683000
1365179472867650000
1365179473067624000
1365179473267576000
1365179473467536000
1365179473667503000
1365179473867469000
1365179474067426000
1365179474267420000
1365179474467351000
1365179474667317000
1365179474867278000
1365179475067240000
1365179475267207000
1365179475467167000
1365179475667231000
1365179475867098000
1365179476067061000
1365179476267048000
1365179476466988000
1365179476666953000
1365179476866915000
1365179477066877000
1365179477266839000
1365179477466800000
1365179477666763000
1365179477866728000
1365179478066720000
1365179478266654000
1365179478466617000
1365179478666584000
1365179478866547000
1365179479066506000
1365179479266472000
1365179479466483000
1365179479666398000
1365179479866362000
1365179480066325000
1365179480266284000
1365179480466269000
1365179480666213000
1365179480866178000
1365179481066137000
1365179481266101000
1365179481466065000
1365179481666042000
1365179481865992000
1365179482066033000
1365179482266252000
1365179482465883000
1365179482665845000
1365179482865812000
1365179483065775000
1365179483265753000
1365179483465699000
1365179483665661000
1365179483865625000
1365179484065585000
1365179484265558000
1365179484465514000
1365179484665497000
1365179484865440000
1365179485065405000
1365179485265368000
1365179485465362000
1365179485665292000
1365179485865259000
1365179486065220000
1365179486265201000
1365179486465146000
1365179486665245000
1365179486865075000
1365179487065039000
1365179487265004000
1365179487464985000
1365179487664930000
1365179487864892000
1365179488064846000
1365179488264847000
1365179488464778000
1365179488664747000
1365179488864705000
1365179489064668000
1365179489264644000
1365179489464618000
1365179489664564000
1365179489864523000
1365179490064482000
1365179490264451000
1365179490464410000
1365179490664389000
1365179490864338000
1365179491064291000
1365179491264265000
1365179491464227000
1365179491664190000
1365179491864158000
1365179492064227000
1365179492264233000
1365179492464043000
1365179492664006000
1365179492863969000
1365179493063935000
1365179493263900000
1365179493463867000
1365179493663824000
1365179493863781000
1365179494063753000
1365179494263713000
1365179494463679000
1365179494663638000
1365179494863616000
1365179495063588000
1365179495264041000
1365179495463494000
1365179495663460000
1365179495863419000
1365179496063425000
1365179496263344000
1365179496463308000
1365179496663274000
1365179496863233000
1365179497063197000
1365179497263159000
1365179497463129000
1365179497663086000
1365179497863053000
1365179498063015000
1365179498262979000
1365179498462940000
1365179498662905000
1365179498862867000
1365179499062829000
1365179499262808000
1365179499462757000
1365179499662722000
1365179499862685000
1365179500062650000
1365179500262634000
1365179500462622000
1365179500662538000
1365179500862505000
1365179501062462000
1365179501262430000
1365179501462392000
1365179501662444000
1365179501862315000
1365179502062280000
1365179502262243000
1365179502462208000
1365179502662173000
1365179502862137000
1365179503062106000
1365179503262060000
1365179503462024000
1365179503661988000
1365179503861948000
1365179504061913000
1365179504261878000
1365179504461837000
1365179504661799000
1365179504861779000
1365179505061720000
1365179505261694000
1365179505461659000
1365179505661618000
1365179505861582000
1365179506061545000
1365179506261508000
1365179506461473000
1365179506661432000
1365179506861398000
1365179507061353000
1365179507261322000
1365179507461286000
1365179507661280000
1365179507861213000
1365179508061178000
1365179508261140000
1365179508461102000
1365179508661068000
1365179508861041000
1365179509061001000
1365179509260957000
1365179509460925000
1365179509660885000
1365179509860865000
1365179510060887000
1365179510260772000
1365179510460727000
1365179510660690000
1365179510860662000
1365179511060626000
1365179511260827000
1365179511460550000
1365179511660515000
1365179511860480000
1365179512060453000
1365179512260404000
1365179512460384000
1365179512660330000
1365179512860299000
1365179513060260000
1365179513260213000
1365179513460183000
1365179513660165000
1365179513860125000
1365179514060075000
1365179514260040000
1365179514459998000
1365179514659962000
1365179514859927000
1365179515059895000
1365179515259853000
1365179515459871000
1365179515659778000
1365179515859743000
1365179516059705000
1365179516259671000
1365179516459634000
1365179516659602000
1365179516859562000
1365179517059550000
1365179517259476000
1365179517459451000
1365179517659415000
1365179517859376000
1365179518059338000
1365179518259304000
1365179518459267000
1365179518659228000
1365179518859191000
1365179519059159000
1365179519259121000
1365179519459080000
1365179519659044000
1365179519859009000
1365179520058975000
1365179520258936000
1365179520458924000
1365179520658860000
1365179520858825000
1365179521058790000
1365179521258750000
1365179521458713000
1365179521658680000
1365179521858642000
1365179522058605000
1365179522258569000
1365179522458531000
1365179522658493000
1365179522858457000
1365179523058437000
1365179523258385000
1365179523458347000
1365179523658308000
1365179523858271000
1365179524058239000
1365179524258201000
1365179524458168000
1365179524658128000
1365179524858090000
1365179525058058000
1365179525258018000
1365179525457981000
1365179525657943000
1365179525857905000
1365179526057870000
1365179526257831000
1365179526457798000
1365179526657761000
1365179526857724000
1365179527057712000
1365179527257647000
1365179527457611000
1365179527657579000
1365179527857536000
1365179528057520000
1365179528257467000
1365179528457432000
1365179528657392000
1365179528857356000
1365179529057313000
1365179529257284000
1365179529457244000
1365179529657208000
1365179529857173000
1365179530057133000
1365179530257115000
1365179530457064000
1365179530657022000
1365179530857000000
1365179531056951000
1365179531256911000
1365179531456881000
1365179531656842000
1365179531856804000
1365179532056767000
1365179532256729000
1365179532456693000
1365179532656658000
1365179532856682000
1365179533056587000
1365179533256822000
1365179533456508000
1365179533656491000
1365179533856434000
1365179534056398000
1365179534256391000
1365179534456323000
1365179534656288000
1365179534856251000
1365179535056215000
1365179535256192000
1365179535456146000
1365179535656109000
1365179535856081000
1365179536056046000
1365179536256011000
1365179536455959000
1365179536655933000
1365179536856258000
1365179537055861000
1365179537255882000
1365179537455775000
1365179537655750000
1365179537855701000
1365179538055667000
1365179538255626000
1365179538455592000
1365179538655559000
1365179538855520000
1365179539055485000
1365179539255454000
1365179539455421000
1365179539655372000
1365179539855333000
1365179540055296000
1365179540255260000
1365179540455221000
1365179540655185000
1365179540855152000
1365179541055124000
1365179541255069000
1365179541455041000
1365179541654995000
1365179541857946000
1365179542054922000
1365179542254896000
1365179542454873000
1365179542654820000
1365179542854784000
1365179543054744000
1365179543254707000
1365179543454671000
1365179543654635000
1365179543854604000
1365179544054563000
1365179544254525000
1365179544454492000
1365179544654478000
1365179544854466000
1365179545054379000
1365179545254335000
1365179545454318000
1365179545654266000
1365179545854233000
1365179546054201000
1365179546254156000
1365179546454122000
1365179546654083000
1365179546854125000
1365179547054011000
1365179547253978000
1365179547453952000
1365179547653961000
1365179547853864000
1365179548053830000
1365179548253796000
1365179548453753000
1365179548653719000
1365179548853679000
1365179549053658000
1365179549253623000
1365179549453584000
1365179549653532000
1365179549853498000
1365179550053460000
1365179550253427000
1365179550453390000
1365179550653348000
1365179550853315000
1365179551053281000
1365179551253243000
1365179551453203000
1365179551653165000
1365179551853129000
1365179552053127000
1365179552253047000
1365179552453019000
1365179552652987000
1365179552852951000
1365179553052911000
1365179553252871000
1365179553452833000
1365179553652797000
1365179553852769000
1365179554052752000
1365179554252711000
1365179554452655000
1365179554652605000
1365179554852580000
1365179555052547000
1365179555252518000
1365179555452469000
1365179555652431000
1365179555852429000
1365179556052366000
1365179556252326000
1365179556452296000
1365179556652248000
1365179556852200000
1365179557052174000
1365179557252142000
1365179557452103000
1365179557652066000
1365179557852029000
1365179558051992000
1365179558251951000
1365179558451911000
1365179558651883000
1365179558851846000
1365179559051808000
1365179559251785000
1365179559451730000
1365179559651695000
1365179559851653000
1365179560051624000
1365179560251587000
1365179560451548000
1365179560651517000
1365179560851476000
1365179561051440000
1365179561251405000
1365179561451403000
1365179561651329000
1365179561851293000
1365179562051261000
1365179562251217000
1365179562451184000
1365179562651145000
1365179562851108000
1365179563051062000
1365179563251035000
1365179563450997000
1365179563650963000
1365179563850945000
1365179564050896000
1365179564250850000
1365179564450816000
1365179564650779000
1365179564850744000
1365179565050704000
1365179565250733000
1365179565450634000
1365179565650592000
1365179565850557000
1365179566050523000
1365179566250484000
1365179566450463000
1365179566650410000
1365179566850378000
1365179567050363000
1365179567250301000
1365179567450265000
1365179567650226000
1365179567850188000
1365179568050155000
1365179568250119000
1365179568450080000
1365179568650058000
1365179568850004000
1365179569049984000
1365179569249965000
1365179569449894000
1365179569649861000
1365179569849825000
1365179570049786000
1365179570249746000
1365179570449724000
1365179570649675000
1365179570849638000
1365179571049602000
1365179571249567000
1365179571449532000
1365179571649494000
1365179571849458000
1365179572049418000
1365179572249384000
1365179572449372000
1365179572649310000
1365179572849265000
1365179573049236000
1365179573249198000
1365179573449165000
1365179573649127000
1365179573849086000
1365179574049053000
1365179574249033000
1365179574448977000
1365179574648955000
1365179574848903000
1365179575048873000
1365179575248830000
1365179575448797000
1365179575648755000
1365179575848719000
1365179576048675000
1365179576248646000
1365179576448612000
1365179576648574000
1365179576848537000
1365179577048498000
1365179577248461000
1365179577448436000
1365179577648389000
1365179577848351000
1365179578048315000
1365179578248277000
1365179578448268000
1365179578648202000
1365179578848170000
1365179579048134000
1365179579248093000
1365179579448061000
1365179579648034000
1365179579848006000
1365179580047940000
1365179580247912000
1365179580447877000
1365179580647837000
1365179580847800000
1365179581047794000
1365179581247727000
1365179581447707000
1365179581647656000
1365179581847618000
1365179582047589000
1365179582247543000
1365179582447506000
1365179582647472000
1365179582847434000
1365179583047414000
1365179583247364000
1365179583447323000
1365179583647289000
1365179583847267000
1365179584047218000
1365179584247194000
1365179584447137000
1365179584647101000
1365179584847063000
1365179585047041000
1365179585246992000
1365179585446956000
1365179585646926000
1365179585846898000
1365179586046835000
1365179586246839000
1365179586446774000
1365179586646758000
1365179586846696000
1365179587046651000
1365179587246614000
1365179587446587000
1365179587646550000
1365179587846511000
1365179588046467000
1365179588246552000
1365179588446412000
1365179588646368000
1365179588846331000
1365179589046283000
1365179589246272000
1365179589446218000
1365179589646194000
1365179589846143000
1365179590046111000
1365179590246103000
1365179590446032000
1365179590646002000
1365179590845964000
1365179591045926000
1365179591245920000
1365179591446300000
1365179591645840000
1365179591845785000
1365179592045734000
1365179592245706000
1365179592445666000
1365179592645627000
1365179592845590000
1365179593045547000
1365179593245520000
1365179593445483000
1365179593645458000
1365179593845408000
1365179594045365000
1365179594245352000
1365179594445300000
1365179594645262000
1365179594845251000
1365179595045179000
1365179595245153000
1365179595445114000
1365179595645077000
1365179595845041000
1365179596044996000
1365179596244968000
1365179596444948000
1365179596644895000
1365179596844859000
1365179597044813000
1365179597244786000
1365179597444751000
1365179597644712000
1365179597844674000
1365179598044649000
1365179598244598000
1365179598444564000
1365179598644545000
1365179598844516000
1365179599044445000
1365179599244414000
1365179599444392000
1365179599644344000
1365179599844305000
1365179600044258000
1365179600244232000
1365179600444193000
1365179600644158000
1365179600844122000
1365179601044088000
1365179601244078000
1365179601444011000
1365179601643976000
1365179601843938000
1365179602044297000
1365179602243854000
1365179602443828000
1365179602643789000
1365179602843743000
1365179603043709000
1365179603243678000
1365179603443642000
1365179603643605000
1365179603843568000
1365179604043525000
1365179604243495000
1365179604443459000
1365179604643420000
1365179604843387000
1365179605043338000
1365179605243313000
1365179605443297000
1365179605643389000
1365179605843221000
1365179606043154000
1365179606243140000
1365179606443089000
1365179606643765000
1365179606843019000
1365179607042973000
1365179607242952000
1365179607442924000
1365179607642870000
1365179607842835000
1365179608042798000
1365179608242763000
1365179608442724000
1365179608642699000
1365179608842651000
1365179609042614000
1365179609242575000
1365179609442553000
1365179609642501000
1365179609842466000
1365179610042419000
1365179610242390000
1365179610442357000
1365179610642317000
1365179610842283000
1365179611042244000
1365179611242206000
1365179611442201000
1365179611642134000
1365179611842096000
1365179612042052000
1365179612242023000
1365179612441989000
1365179612641951000
1365179612841913000
1365179613041887000
1365179613241838000
1365179613441818000
1365179613641768000
1365179613841731000
1365179614041702000
1365179614241657000
1365179614441640000
1365179614641592000
1365179614841544000
1365179615041499000
1365179615241469000
1365179615441435000
1365179615641397000
1365179615841377000
1365179616041314000
1365179616241304000
1365179616441252000
1365179616641219000
1365179616841183000
1365179617041137000
1365179617241106000
1365179617441065000
1365179617641029000
1365179617841006000
1365179618040996000
1365179618240920000
1365179618440887000
1365179618640885000
1365179618840807000
1365179619040762000
1365179619240737000
1365179619440711000
1365179619640662000
1365179619840626000
1365179620040579000
1365179620240552000
1365179620440516000
1365179620640482000
1365179620840443000
1365179621040405000
1365179621240368000
1365179621440332000
1365179621640293000
1365179621840258000
1365179622040223000
1365179622240181000
1365179622440151000
1365179622640123000
1365179622840074000
1365179623040026000
1365179623239997000
1365179623439969000
1365179623639941000
1365179623839889000
1365179624039851000
1365179624239814000
1365179624439800000
1365179624639769000
1365179624839706000
1365179625039661000
1365179625239635000
1365179625439599000
1365179625639558000
1365179625839540000
1365179626039476000
1365179626239438000
1365179626439412000
1365179626639372000
1365179626839339000
1365179627039292000
1365179627239267000
1365179627439225000
1365179627639189000
1365179627839189000
1365179628039109000
1365179628239077000
1365179628439045000
1365179628639006000
1365179628838972000
1365179629038925000
1365179629239186000
1365179629438861000
1365179629638823000
1365179629838784000
1365179630038739000
1365179630238709000
1365179630438673000
1365179630638637000
1365179630838602000
1365179631038563000
1365179631238530000
1365179631438514000
1365179631638464000
1365179631838427000
1365179632038376000
1365179632238342000
1365179632438308000
1365179632638263000
1365179632838233000
1365179633038212000
1365179633238160000
1365179633438120000
1365179633638090000
1365179633838050000
1365179634038015000
1365179634237990000
1365179634437933000
1365179634637905000
1365179634837865000
1365179635037821000
1365179635237791000
1365179635437764000
1365179635637719000
1365179635837693000
1365179636037641000
1365179636237622000
1365179636437574000
1365179636637533000
1365179636837496000
1365179637037453000
1365179637237423000
1365179637437391000
1365179637637355000
1365179637837342000
1365179638037268000
1365179638237243000
1365179638437204000
1365179638637168000
1365179638837129000
1365179639037085000
1365179639237056000
1365179639437019000
1365179639636982000
1365179639836947000
1365179640036900000
1365179640236873000
1365179640436835000
1365179640636796000
1365179640836761000
1365179641036769000
1365179641236717000
1365179641436650000
1365179641636617000
1365179641836579000
1365179642036543000
1365179642236504000
1365179642436468000
1365179642636431000
1365179642836393000
1365179643036379000
1365179643236319000
1365179643436284000
1365179643636248000
1365179643836231000
1365179644036207000
1365179644236141000
1365179644436115000
1365179644636749000
1365179644836028000
1365179645035997000
1365179645235952000
1365179645435917000
1365179645635882000
1365179645835841000
1365179646035797000
1365179646235792000
1365179646435731000
1365179646635696000
1365179646836022000
1365179647035660000
1365179647235582000
1365179647435568000
1365179647635556000
1365179647835478000
1365179648035442000
1365179648235401000
1365179648435371000
1365179648635413000
1365179648835288000
1365179649035594000
1365179649235265000
1365179649435182000
1365179649635223000
1365179649835132000
1365179650035061000
1365179650235038000
1365179650434999000
1365179650634969000
1365179650834961000
1365179651034875000
1365179651234848000
1365179651434812000
1365179651634777000
1365179651834745000
1365179652034692000
1365179652234691000
1365179652434630000
1365179652634596000
1365179652834556000
1365179653034516000
1365179653234480000
1365179653434456000
1365179653634407000
1365179653834371000
1365179654034326000
1365179654234296000
1365179654434258000
1365179654634223000
1365179654834186000
1365179655034151000
1365179655234117000
1365179655434076000
1365179655634044000
1365179655834005000
1365179656033970000
1365179656233944000
1365179656433897000
1365179656633857000
1365179656833824000
1365179657033773000
1365179657233747000
1365179657433711000
1365179657633674000
1365179657833637000
1365179658033599000
1365179658233566000
1365179658433528000
1365179658633506000
1365179658833450000
1365179659033411000
1365179659233379000
1365179659433342000
1365179659633318000
1365179659833269000
1365179660033234000
1365179660233197000
1365179660433176000
1365179660633120000
1365179660833314000
1365179661033081000
1365179661233014000
1365179661432973000
1365179661632938000
1365179661832901000
1365179662032865000
1365179662232828000
1365179662432817000
1365179662632753000
1365179662832717000
1365179663032677000
1365179663232647000
1365179663432607000
1365179663632572000
1365179663834178000
1365179664032487000
1365179664232459000
1365179664432422000
1365179664632409000
1365179664832350000
1365179665032304000
1365179665232291000
1365179665432266000
1365179665632202000
1365179665832170000
1365179666032131000
1365179666232091000
1365179666432046000
1365179666632021000
1365179666831987000
1365179667031936000
1365179667231921000
1365179667431890000
1365179667631833000
1365179667831798000
1365179668031753000
1365179668231727000
1365179668431689000
1365179668631646000
1365179668831613000
1365179669031574000
1365179669231540000
1365179669431505000
1365179669631466000
1365179669831444000
1365179670031385000
1365179670231356000
1365179670431323000
1365179670631283000
1365179670831267000
1365179671031200000
1365179671231174000
1365179671431136000
1365179671631102000
1365179671831066000
1365179672031037000
1365179672230991000
1365179672430958000
1365179672630917000
1365179672830879000
1365179673030840000
1365179673230808000
1365179673430785000
1365179673630747000
1365179673830694000
1365179674030652000
1365179674230624000
1365179674430589000
1365179674630550000
1365179674830519000
1365179675030478000
1365179675230438000
1365179675430401000
1365179675630363000
1365179675830340000
1365179676030282000
1365179676230255000
1365179676430221000
1365179676630180000
1365179676830148000
1365179677030098000
1365179677230069000
1365179677430033000
1365179677629997000
1365179677829961000
1365179678029924000
1365179678229886000
1365179678429850000
1365179678629830000
1365179678829776000
1365179679029737000
1365179679229695000
1365179679429677000
1365179679629628000
1365179679829592000
1365179680029555000
1365179680229523000
1365179680429483000
1365179680629448000
1365179680829410000
1365179681029365000
1365179681229336000
1365179681429300000
1365179681629291000
1365179681829227000
1365179682029188000
1365179682229155000
1365179682429150000
1365179682629080000
1365179682829042000
1365179683029006000
1365179683228969000
1365179683428934000
1365179683628901000
1365179683828863000
1365179684028813000
1365179684228788000
1365179684428748000
1365179684628710000
1365179684828674000
1365179685028641000
1365179685228602000
1365179685428566000
1365179685628526000
1365179685828499000
1365179686028448000
1365179686228422000
1365179686428395000
1365179686628348000
1365179686828311000
1365179687028264000
1365179687228236000
1365179687428218000
1365179687628221000
1365179687828126000
1365179688028094000
1365179688228051000
1365179688428017000
1365179688627988000
1365179688827940000
1365179689027914000
1365179689227869000
1365179689427890000
1365179689627795000
1365179689827761000
1365179690027710000
1365179690227684000
1365179690427650000
1365179690627613000
1365179690827574000
1365179691027533000
1365179691227504000
1365179691427463000
1365179691627429000
1365179691827410000
1365179692027347000
1365179692227321000
1365179692427281000
1365179692627242000
1365179692827210000
1365179693027163000
1365179693227133000
1365179693427099000
1365179693627058000
1365179693827028000
1365179694027328000
1365179694226960000
1365179694426916000
1365179694626875000
1365179694826839000
1365179695026795000
1365179695226768000
1365179695426722000
1365179695626693000
1365179695826656000
1365179696026614000
1365179696226582000
1365179696426567000
1365179696626511000
1365179696826490000
1365179697026467000
1365179697226424000
1365179697426365000
1365179697626344000
1365179697826290000
1365179698026244000
1365179698226300000
1365179698426468000
1365179698626142000
1365179698826156000
1365179699026102000
1365179699226037000
1365179699425997000
1365179699625969000
1365179699825921000
1365179700025885000
1365179700225857000
1365179700425827000
1365179700625781000
1365179700825744000
1365179701025732000
1365179701225834000
1365179701425627000
1365179701625610000
1365179701825560000
1365179702025510000
1365179702225484000
1365179702425445000
1365179702625410000
1365179702825372000
1365179703025336000
1365179703225298000
1365179703425265000
1365179703625224000
1365179703825188000
1365179704025157000
1365179704225121000
1365179704425111000
1365179704625042000
1365179704825042000
1365179705024959000
1365179705224931000
1365179705424892000
1365179705624893000
1365179705824819000
1365179706024775000
1365179706224778000
1365179706424712000
1365179706624684000
1365179706824643000
1365179707024593000
1365179707224568000
1365179707424533000
1365179707624493000
1365179707824468000
1365179708024408000
1365179708224385000
1365179708424362000
1365179708624313000
1365179708824289000
1365179709024228000
1365179709224216000
1365179709424159000
1365179709624172000
1365179709824086000
1365179710024052000
1365179710224011000
1365179710423978000
1365179710623967000
1365179710823936000
1365179711023860000
1365179711223831000
1365179711423821000
1365179711623760000
1365179711823720000
1365179712023677000
1365179712223646000
1365179712423611000
1365179712623588000
1365179712823557000
1365179713023503000
1365179713223464000
1365179713423428000
1365179713623389000
1365179713823352000
1365179714023323000
1365179714223291000
1365179714423243000
1365179714623249000
1365179714823173000
1365179715023125000
1365179715223099000
1365179715423060000
1365179715623024000
1365179715822992000
1365179716022976000
1365179716222916000
1365179716422879000
1365179716622839000
1365179716822818000
1365179717022758000
1365179717222754000
1365179717422695000
1365179717622656000
1365179717822621000
1365179718022583000
1365179718222551000
1365179718422522000
1365179718622477000
1365179718822459000
1365179719022405000
1365179719222364000
1365179719422327000
1365179719622292000
1365179719822260000
1365179720022223000
1365179720222178000
1365179720422143000
1365179720622106000
1365179720822072000
1365179721022027000
1365179721221997000
1365179721421960000
1365179721621924000
1365179721821888000
1365179722021865000
1365179722221821000
1365179722421775000
1365179722621740000
1365179722821708000
1365179723021662000
1365179723221658000
1365179723421608000
1365179723621562000
1365179723821529000
1365179724021477000
1365179724221451000
1365179724421412000
1365179724621376000
1365179724821357000
1365179725021354000
1365179725221264000
1365179725421256000
1365179725621188000
1365179725821222000
1365179726021110000
1365179726221084000
1365179726421046000
1365179726621009000
1365179726821001000
1365179727020923000
1365179727220900000
1365179727420862000
1365179727620823000
1365179727820792000
1365179728020743000
1365179728220716000
1365179728420678000
1365179728620638000
1365179728820603000
1365179729020561000
1365179729220532000
1365179729420499000
1365179729620457000
1365179729820440000
1365179730020400000
1365179730220350000
1365179730420312000
1365179730620272000
1365179730820237000
1365179731020202000
1365179731220177000
1365179731420145000
1365179731620101000
1365179731820057000
1365179732020013000
1365179732219982000
1365179732419946000
1365179732619908000
1365179732819871000
1365179733019825000
1365179733219798000
1365179733419773000
1365179733619727000
1365179733819687000
1365179734019645000
1365179734219617000
1365179734419666000
1365179734619702000
1365179734819510000
1365179735019481000
1365179735219433000
1365179735419397000
1365179735619356000
1365179735819326000
1365179736019277000
1365179736219249000
1365179736419214000
1365179736619181000
1365179736819137000
1365179737019093000
1365179737219093000
1365179737419029000
1365179737618993000
1365179737818956000
1365179738018913000
1365179738218884000
1365179738418850000
1365179738618812000
1365179738818770000
1365179739018733000
1365179739218705000
1365179739418659000
1365179739618628000
1365179739818587000
1365179740018552000
1365179740218518000
1365179740418481000
1365179740618441000
1365179740818409000
1365179741018372000
1365179741218339000
1365179741418304000
1365179741618258000
1365179741818223000
1365179742018178000
1365179742218153000
1365179742418112000
1365179742618098000
1365179742818040000
1365179743018002000
1365179743217970000
1365179743417928000
1365179743617894000
1365179743817859000
1365179744017813000
1365179744217803000
1365179744417746000
1365179744617711000
1365179744817673000
1365179745017634000
1365179745217620000
1365179745417563000
1365179745617530000
1365179745817489000
1365179746017444000
1365179746217463000
1365179746417380000
1365179746617345000
1365179746817309000
1365179747017261000
1365179747217236000
1365179747417200000
1365179747617160000
1365179747817124000
1365179748017080000
1365179748217051000
1365179748417013000
1365179748617000000
1365179748816967000
1365179749016897000
1365179749216867000
1365179749416836000
1365179749616797000
1365179749816759000
1365179750016713000
1365179750216712000
1365179750416648000
1365179750616612000
1365179750816575000
1365179751016533000
1365179751216504000
1365179751416469000
1365179751616428000
1365179751816415000
1365179752016347000
1365179752216321000
1365179752416281000
1365179752616247000
1365179752816212000
1365179753016174000
1365179753216137000
1365179753416394000
1365179753616063000
1365179753816025000
1365179754015988000
1365179754215983000
1365179754415918000
1365179754615894000
1365179754816126000
1365179755015813000
1365179755215772000
1365179755415802000
1365179755615714000
1365179755815660000
1365179756015613000
1365179756215594000
1365179756415552000
1365179756615535000
1365179756815479000
1365179757015438000
1365179757215405000
1365179757415369000
1365179757615335000
1365179757815294000
1365179758015249000
1365179758215222000
1365179758415198000
1365179758615148000
1365179758815117000
1365179759015068000
1365179759215038000
1365179759414999000
1365179759614968000
1365179759814929000
1365179760014894000
1365179760214854000
1365179760414819000
1365179760614815000
1365179760814745000
1365179761014699000
1365179761214675000
1365179761414638000
1365179761614601000
1365179761814564000
1365179762014516000
1365179762214488000
1365179762414465000
1365179762614418000
1365179762814379000
1365179763014345000
1365179763214336000
1365179763414284000
1365179763614233000
1365179763814195000
1365179764014150000
1365179764214383000
1365179764414085000
1365179764614052000
1365179764814013000
1365179765013967000
1365179765213940000
1365179765413905000
1365179765613869000
1365179765813833000
1365179766013783000
1365179766213758000
1365179766413723000
1365179766613689000
1365179766813651000
1365179767013602000
1365179767213581000
1365179767413535000
1365179767613503000
1365179767813464000
1365179768013432000
1365179768213396000
1365179768413357000
1365179768613315000
1365179768813282000
1365179769013253000
1365179769213208000
1365179769413169000
1365179769613133000
1365179769813139000
1365179770013100000
1365179770213023000
1365179770412988000
1365179770612964000
1365179770812927000
1365179771012868000
1365179771212865000
1365179771412805000
1365179771612777000
1365179771812733000
1365179772012707000
1365179772212674000
1365179772412620000
1365179772612819000
1365179772812548000
1365179773012504000
1365179773212476000
1365179773412438000
1365179773612402000
1365179773812357000
1365179774012330000
1365179774212290000
1365179774412273000
1365179774612224000
1365179774812187000
1365179775012143000
1365179775212114000
1365179775412073000
1365179775612038000
1365179775811999000
1365179776011954000
1365179776211935000
1365179776411891000
1365179776611858000
1365179776811816000
1365179777011784000
1365179777211746000
1365179777411707000
1365179777611669000
1365179777811640000
1365179778011597000
1365179778211562000
1365179778411554000
1365179778611491000
1365179778811452000
1365179779011406000
1365179779211381000
1365179779411344000
1365179779611307000
1365179779811266000
1365179780011237000
1365179780211201000
1365179780411157000
1365179780611131000
1365179780811087000
1365179781011067000
1365179781211012000
1365179781410978000
1365179781610957000
1365179781810905000
1365179782010870000
1365179782210829000
1365179782410792000
1365179782610771000
1365179782810731000
1365179783010677000
1365179783210646000
1365179783410617000
1365179783610580000
1365179783810537000
1365179784010501000
1365179784210466000
1365179784410427000
1365179784610397000
1365179784810352000
1365179785010309000
1365179785210288000
1365179785410244000
1365179785610241000
1365179785810176000
1365179786010126000
1365179786210099000
1365179786410061000
1365179786610029000
1365179786809991000
1365179787009950000
1365179787209918000
1365179787409880000
1365179787609842000
1365179787809816000
1365179788009775000
1365179788209742000
1365179788409715000
1365179788609666000
1365179788809623000
1365179789009580000
1365179789209554000
1365179789409515000
1365179789609483000
1365179789809445000
1365179790009408000
1365179790209367000
1365179790409331000
1365179790609297000
1365179790809259000
1365179791009222000
1365179791209183000
1365179791409148000
1365179791609123000
1365179791809080000
1365179792009075000
1365179792209013000
1365179792408965000
1365179792608929000
1365179792808895000
1365179793008855000
1365179793208821000
1365179793408784000
1365179793608752000
1365179793808709000
1365179794008664000
1365179794208642000
1365179794408602000
1365179794608563000
1365179794808527000
1365179795008488000
1365179795208453000
1365179795408451000
1365179795608382000
1365179795808344000
1365179796008337000
1365179796208269000
1365179796408234000
1365179796608201000
1365179796808159000
1365179797008116000
1365179797208090000
1365179797408065000
1365179797608019000
1365179797807980000
1365179798007939000
1365179798207907000
1365179798407869000
1365179798607832000
1365179798807797000
1365179799007749000
1365179799207736000
1365179799407686000
1365179799607654000
1365179799807616000
1365179800007568000
1365179800207554000
1365179800407593000
1365179800607471000
1365179800807433000
1365179801007385000
1365179801207382000
1365179801407321000
1365179801607285000
1365179801807248000
1365179802007202000
1365179802207175000
1365179802407137000
1365179802607101000
1365179802807068000
1365179803007018000
1365179803207002000
1365179803407102000
1365179803606919000
1365179803806893000
1365179804006849000
1365179804206846000
1365179804406773000
1365179804606738000
1365179804806736000
1365179805006671000
1365179805206626000
1365179805406589000
1365179805606556000
1365179805806518000
1365179806006510000
1365179806206450000
1365179806406465000
1365179806606378000
1365179806806363000
1365179807006355000
1365179807206261000
1365179807406227000
1365179807606199000
1365179807806163000
1365179808006107000
1365179808206079000
1365179808406042000
1365179808606012000
1365179808805971000
1365179809005923000
1365179809205896000
1365179809406046000
1365179809605822000
1365179809805791000
1365179810005907000
1365179810205867000
1365179810405692000
1365179810605640000
1365179810805604000
1365179811005559000
1365179811205535000
1365179811405493000
1365179811605487000
1365179811805422000
1365179812005379000
1365179812205359000
1365179812405313000
1365179812605274000
1365179812805236000
1365179813005204000
1365179813205168000
1365179813405153000
1365179813605097000
1365179813805059000
1365179814005010000
1365179814204984000
1365179814404945000
1365179814604914000
1365179814804872000
1365179815004829000
1365179815204799000
1365179815404768000
1365179815604729000
1365179815804707000
1365179816004645000
1365179816204620000
1365179816404582000
1365179816604547000
1365179816804510000
1365179817004466000
1365179817204463000
1365179817404403000
1365179817604363000
1365179817804328000
1365179818004284000
1365179818204251000
1365179818404218000
1365179818604197000
1365179818804167000
1365179819004098000
1365179819204069000
1365179819404033000
1365179819603999000
1365179819803959000
1365179820003920000
1365179820203888000
1365179820403856000
1365179820603817000
1365179820803806000
1365179821003733000
1365179821203705000
1365179821403670000
1365179821603632000
1365179821803595000
1365179822003551000
1365179822203521000
1365179822403487000
1365179822603449000
1365179822803429000
1365179823003368000
1365179823203339000
1365179823403303000
1365179823603266000
1365179823803242000
1365179824003186000
1365179824203157000
1365179824403120000
1365179824603083000
1365179824803052000
1365179825003004000
1365179825202975000
1365179825402954000
1365179825602906000
1365179825802867000
1365179826002821000
1365179826202796000
1365179826402760000
1365179826602719000
1365179826802701000
1365179827002639000
1365179827202636000
1365179827402596000
1365179827602556000
1365179827802499000
1365179828002456000
1365179828202426000
1365179828402390000
1365179828602357000
1365179828802319000
1365179829002274000
1365179829202687000
1365179829402209000
1365179829602170000
1365179829802134000
1365179830002090000
1365179830202062000
1365179830402032000
1365179830601988000
1365179830801962000
1365179831001946000
1365179831201898000
1365179831401844000
1365179831601810000
1365179831801771000
1365179832001725000
1365179832201698000
1365179832401663000
1365179832601628000
1365179832801591000
1365179833001635000
1365179833201518000
1365179833401504000
1365179833601439000
1365179833801406000
1365179834001364000
1365179834201333000
1365179834401309000
1365179834601262000
1365179834801223000
1365179835001181000
1365179835201152000
1365179835401122000
1365179835601078000
1365179835801045000
1365179836001004000
1365179836200968000
1365179836400935000
1365179836600896000
1365179836800860000
1365179837000822000
1365179837200788000
1365179837400747000
1365179837600712000
1365179837800675000
1365179838000630000
1365179838200604000
1365179838400570000
1365179838600534000
1365179838800495000
1365179839000457000
1365179839200422000
1365179839400385000
1365179839600389000
1365179839800311000
1365179840000271000
1365179840200238000
1365179840400204000
1365179840600164000
1365179840800128000
1365179841000096000
1365179841200054000
1365179841400019000
1365179841599986000
1365179841799943000
1365179841999901000
1365179842199899000
1365179842399856000
1365179842599800000
1365179842799766000
1365179842999718000
1365179843199695000
1365179843399656000
1365179843599616000
1365179843799598000
1365179843999549000
1365179844199510000
1365179844399470000
1365179844599438000
1365179844799397000
1365179844999351000
1365179845199344000
1365179845399289000
1365179845599249000
1365179845799213000
1365179845999189000
1365179846199142000
1365179846399114000
1365179846599085000
1365179846799032000
1365179846998988000
1365179847198983000
1365179847398926000
1365179847598899000
1365179847798858000
1365179847998811000
1365179848198779000
1365179848398742000
1365179848598707000
1365179848798683000
1365179848998641000
1365179849198597000
1365179849398556000
1365179849598519000
1365179849798485000
1365179849998454000
1365179850198409000
1365179850398375000
1365179850598337000
1365179850798318000
1365179850998271000
1365179851198229000
1365179851398193000
1365179851598158000
1365179851798162000
1365179851998076000
1365179852198039000
1365179852398010000
1365179852597974000
1365179852797936000
1365179852997905000
1365179853197866000
1365179853397826000
1365179853597791000
1365179853797755000
1365179853997709000
1365179854197729000
1365179854397647000
1365179854597609000
1365179854797575000
1365179854997537000
1365179855197498000
1365179855397464000
1365179855597444000
1365179855797393000
1365179855997346000
1365179856197323000
1365179856397285000
1365179856597247000
1365179856797211000
1365179856997162000
1365179857197135000
1365179857397101000
1365179857597061000
1365179857797028000
1365179857996978000
1365179858196953000
1365179858396917000
1365179858596878000
1365179858796848000
1365179858996807000
1365179859196770000
1365179859396747000
1365179859596726000
1365179859796657000
1365179859996614000
1365179860196586000
1365179860396552000
1365179860596514000
1365179860796478000
1365179860996443000
1365179861196543000
1365179861396370000
1365179861596335000
1365179861796340000
1365179861996296000
1365179862196221000
1365179862396247000
1365179862596151000
1365179862796146000
1365179862996068000
1365179863196041000
1365179863396000000
1365179863595966000
1365179863795934000
1365179863996126000
1365179864196036000
1365179864396128000
1365179864595784000
1365179864796256000
1365179864995701000
1365179865195674000
1365179865395636000
1365179865595870000
1365179865795555000
1365179865995518000
1365179866195489000
1365179866395454000
1365179866595418000
1365179866795384000
1365179866995336000
1365179867195306000
1365179867395274000
1365179867595241000
1365179867795196000
1365179867995163000
1365179868195126000
1365179868395093000
1365179868595052000
1365179868795017000
1365179868994983000
1365179869194944000
1365179869394898000
1365179869594871000
1365179869794832000
1365179869994788000
1365179870194764000
1365179870394724000
1365179870594687000
1365179870794650000
1365179870994648000
1365179871194585000
1365179871394541000
1365179871594508000
1365179871794471000
1365179871994425000
1365179872194399000
1365179872394363000
1365179872594349000
1365179872794285000
1365179872994249000
1365179873194240000
1365179873394180000
1365179873594141000
1365179873794112000
1365179873994081000
1365179874194029000
1365179874394001000
1365179874593965000
1365179874793938000
1365179874993884000
1365179875193850000
1365179875393814000
1365179875593774000
1365179875793740000
1365179875993695000
1365179876193670000
1365179876393633000
1365179876593593000
1365179876793555000
1365179876993525000
1365179877193499000
1365179877393654000
1365179877593411000
1365179877793378000
1365179877993328000
1365179878193298000
1365179878393266000
1365179878593233000
1365179878793193000
1365179878993146000
1365179879193134000
1365179879393081000
1365179879593045000
1365179879793008000
1365179879992971000
1365179880192935000
1365179880392918000
1365179880592864000
1365179880792838000
1365179880992783000
1365179881192753000
1365179881392717000
1365179881592680000
1365179881792670000
1365179881992598000
1365179882192604000
1365179882392536000
1365179882592497000
1365179882792464000
1365179882992416000
1365179883192406000
1365179883392354000
1365179883592315000
1365179883792280000
1365179883992243000
1365179884192202000
1365179884392174000
1365179884592132000
1365179884792110000
1365179884992354000
1365179885192020000
1365179885391988000
1365179885591948000
1365179885791913000
1365179885991877000
1365179886191837000
1365179886391804000
1365179886591767000
1365179886791735000
1365179886991684000
1365179887191672000
1365179887391620000
1365179887591586000
1365179887791548000
1365179887991510000
1365179888191476000
1365179888391438000
1365179888591407000
1365179888791366000
1365179888991318000
1365179889191290000
1365179889391257000
1365179889591218000
1365179889791199000
1365179889991138000
1365179890191151000
1365179890391071000
1365179890591035000
1365179890790997000
1365179890990955000
1365179891190927000
1365179891390894000
1365179891590854000
1365179891790818000
1365179891990774000
1365179892190765000
1365179892390708000
1365179892590672000
1365179892790634000
1365179892990590000
1365179893190561000
1365179893390522000
1365179893590487000
1365179893790451000
1365179893990408000
1365179894190393000
1365179894390343000
1365179894590306000
1365179894790272000
1365179894990230000
1365179895190196000
1365179895390161000
1365179895590121000
1365179895790085000
1365179895990043000
1365179896190011000
1365179896389975000
1365179896589955000
1365179896789903000
1365179896989858000
1365179897189880000
1365179897389801000
1365179897589749000
1365179897789721000
1365179897989680000
1365179898189648000
1365179898389619000
1365179898589576000
1365179898789540000
1365179898989494000
1365179899189500000
1365179899389428000
1365179899589394000
1365179899789356000
1365179899989324000
1365179900189284000
1365179900389246000
1365179900589208000
1365179900789177000
1365179900989130000
1365179901189103000
1365179901389066000
1365179901589028000
1365179901788992000
1365179901988946000
1365179902188918000
1365179902388884000
1365179902588844000
1365179902788813000
1365179902988766000
1365179903188735000
1365179903388699000
1365179903588664000
1365179903788625000
1365179903988580000
1365179904188552000
1365179904388516000
1365179904588482000
1365179904788444000
1365179904988398000
1365179905188368000
1365179905388366000
1365179905588295000
1365179905788260000
1365179905988216000
1365179906188213000
1365179906388151000
1365179906588119000
1365179906788078000
1365179906988031000
1365179907188004000
1365179907387968000
1365179907587932000
1365179907787893000
1365179907987890000
1365179908187824000
1365179908387808000
1365179908587748000
1365179908787714000
1365179908987667000
1365179909187642000
1365179909387605000
1365179909587565000
1365179909787529000
1365179909987496000
1365179910187456000
1365179910387420000
1365179910587416000
1365179910787352000
1365179910987311000
1365179911187276000
1365179911387239000
1365179911587203000
1365179911787164000
1365179911987134000
1365179912187110000
1365179912387061000
1365179912587036000
1365179912786987000
1365179912986937000
1365179913186932000
1365179913386884000
1365179913586837000
1365179913786801000
1365179913986755000
1365179914186730000
1365179914387016000
1365179914586653000
1365179914786619000
1365179914986574000
1365179915186550000
1365179915386521000
1365179915586472000
1365179915786439000
1365179915986390000
1365179916186389000
1365179916386482000
1365179916586322000
1365179916786252000
1365179916986207000
1365179917186181000
1365179917386173000
1365179917586118000
1365179917786095000
1365179917986024000
1365179918185996000
1365179918385962000
1365179918585934000
1365179918785889000
1365179918985852000
1365179919185981000
1365179919385876000
1365179919585765000
1365179919785705000
1365179919985945000
1365179920185630000
1365179920385597000
1365179920585563000
1365179920785526000
1365179920985477000
1365179921185482000
1365179921385413000
1365179921585816000
1365179921785338000
1365179921985298000
1365179922185268000
1365179922385258000
1365179922585196000
1365179922785157000
1365179922985114000
1365179923185085000
1365179923385049000
1365179923585008000
1365179923784975000
1365179923984931000
1365179924184899000
1365179924384884000
1365179924584833000
1365179924784804000
1365179924984761000
1365179925184717000
1365179925384687000
1365179925584668000
1365179925784609000
1365179925984565000
1365179926184535000
1365179926384509000
1365179926584464000
1365179926784428000
1365179926984397000
1365179927184375000
1365179927384316000
1365179927584281000
1365179927784259000
1365179927984231000
1365179928184555000
1365179928384137000
1365179928584186000
1365179928785501000
1365179928984016000
1365179929183987000
1365179929383955000
1365179929583916000
1365179929783878000
1365179929983842000
1365179930183804000
1365179930383773000
1365179930583732000
1365179930783697000
1365179930983716000
1365179931183622000
1365179931383586000
1365179931583550000
1365179931783529000
1365179931983470000
1365179932183443000
1365179932383403000
1365179932583373000
1365179932783331000
1365179932983286000
1365179933183258000
1365179933383233000
1365179933583210000
1365179933783149000
1365179933983114000
1365179934183079000
1365179934383086000
1365179934583005000
1365179934782981000
1365179934982919000
1365179935182901000
1365179935382849000
1365179935582831000
1365179935782783000
1365179935982748000
1365179936182708000
1365179936382674000
1365179936582679000
1365179936782638000
1365179936982557000
1365179937182527000
1365179937382491000
1365179937582454000
1365179937782471000
1365179937982373000
1365179938182343000
1365179938382309000
1365179938582272000
1365179938782235000
1365179938982189000
1365179939182162000
1365179939382131000
1365179939582091000
1365179939782051000
1365179939982006000
1365179940181981000
1365179940382003000
1365179940581905000
1365179940781887000
1365179940981825000
1365179941181799000
1365179941381761000
1365179941581736000
1365179941781688000
1365179941981643000
1365179942181614000
1365179942381585000
1365179942581542000
1365179942781503000
1365179942981468000
1365179943181431000
1365179943381395000
1365179943581358000
1365179943781369000
1365179943981275000
1365179944181250000
1365179944381234000
1365179944581203000
1365179944781142000
1365179944981105000
1365179945181064000
1365179945381032000
1365179945580991000
1365179945780961000
1365179945980924000
1365179946180887000
1365179946380848000
1365179946580829000
1365179946780785000
1365179946980746000
1365179947180701000
1365179947380665000
1365179947580642000
1365179947780590000
1365179947980549000
1365179948180519000
1365179948380483000
1365179948580449000
1365179948780406000
1365179948980366000
1365179949180351000
1365179949380345000
1365179949580267000
1365179949780225000
1365179949980190000
1365179950180153000
1365179950380135000
1365179950580079000
1365179950780040000
1365179950979999000
1365179951179971000
1365179951379934000
1365179951579895000
1365179951779863000
1365179951979817000
1365179952179792000
1365179952379753000
1365179952579741000
1365179952779680000
1365179952979633000
1365179953179603000
1365179953379573000
1365179953579529000
1365179953779524000
1365179953979464000
1365179954179432000
1365179954379388000
1365179954579350000
1365179954779313000
1365179954979268000
1365179955179240000
1365179955379201000
1365179955579166000
1365179955779131000
1365179955979108000
1365179956179056000
1365179956379022000
1365179956578984000
1365179956778947000
1365179956978903000
1365179957178874000
1365179957378839000
1365179957578800000
1365179957778766000
1365179957978718000
1365179958178701000
1365179958378657000
1365179958578620000
1365179958778581000
1365179958978536000
1365179959178510000
1365179959378473000
1365179959578433000
1365179959778399000
1365179959979472000
1365179960178323000
1365179960378305000
1365179960578256000
1365179960778221000
1365179960978181000
1365179961178144000
1365179961378106000
1365179961578068000
1365179961778068000
1365179961977990000
1365179962177959000
1365179962377924000
1365179962577890000
1365179962777848000
1365179962977807000
1365179963177838000
1365179963377740000
1365179963577719000
1365179963777670000
1365179963977630000
1365179964177599000
1365179964377583000
1365179964577525000
1365179964777484000
1365179964977446000
1365179965177430000
1365179965377375000
1365179965577341000
1365179965777305000
1365179965977258000
1365179966177229000
1365179966377231000
1365179966577155000
1365179966777120000
1365179966977075000
1365179967177046000
1365179967377009000
1365179967576975000
1365179967776939000
1365179967976892000
1365179968176863000
1365179968376828000
1365179968576832000
1365179968776756000
1365179968976713000
1365179969176784000
1365179969376670000
1365179969576619000
1365179969776573000
1365179969976533000
1365179970176501000
1365179970376481000
1365179970576450000
1365179970776464000
1365179970976345000
1365179971176315000
1365179971376281000
1365179971576260000
1365179971776205000
1365179971976161000
1365179972176126000
1365179972376109000
1365179972576077000
1365179972776024000
1365179972975978000
1365179973175965000
1365179973375915000
1365179973575877000
1365179973776245000
1365179973975797000
1365179974175775000
1365179974375733000
1365179974575695000
1365179974775690000
1365179974975611000
1365179975175602000
1365179975375547000
1365179975575510000
1365179975775474000
1365179975975463000
1365179976175401000
1365179976375366000
1365179976575327000
1365179976775291000
1365179976975248000
1365179977175231000
1365179977375181000
1365179977575145000
1365179977775107000
1365179977975073000
1365179978175037000
1365179978374997000
1365179978574963000
1365179978774920000
1365179978974880000
1365179979174854000
1365179979374815000
1365179979574780000
1365179979774745000
1365179979974699000
1365179980174755000
1365179980374634000
1365179980574597000
1365179980774562000
1365179980974521000
1365179981174488000
1365179981374453000
1365179981574422000
1365179981774394000
1365179981974332000
1365179982174304000
1365179982374268000
1365179982574230000
1365179982774197000
1365179982974148000
1365179983174133000
1365179983374086000
1365179983574039000
1365179983774014000
1365179983973966000
1365179984173953000
1365179984373903000
1365179984573865000
1365179984773834000
1365179984973796000
1365179985173756000
1365179985373724000
1365179985573682000
1365179985773646000
1365179985973603000
1365179986173573000
1365179986373538000
1365179986573499000
1365179986773465000
1365179986973437000
1365179987173392000
1365179987373353000
1365179987573320000
1365179987773284000
1365179987973244000
1365179988173225000
1365179988373172000
1365179988573146000
1365179988773119000
1365179988973058000
1365179989173026000
1365179989372989000
1365179989572951000
1365179989772915000
1365179989972870000
1365179990172842000
1365179990372806000
1365179990572775000
1365179990772785000
1365179990972688000
1365179991172661000
1365179991372648000
1365179991572588000
1365179991772550000
1365179991972507000
1365179992172891000
1365179992372441000
1365179992572407000
1365179992772364000
1365179992972331000
1365179993172323000
1365179993372258000
1365179993572253000
1365179993772206000
1365179993972138000
1365179994172109000
1365179994372097000
1365179994572039000
1365179994772002000
1365179994971959000
1365179995171927000
1365179995371904000
1365179995571858000
1365179995771817000
1365179995971815000
1365179996171835000
1365179996371709000
1365179996571673000
1365179996771636000
1365179996971590000
1365179997171837000
1365179997371525000
1365179997571520000
1365179997771452000
1365179997971415000
1365179998171398000
1365179998371342000
1365179998571314000
1365179998771269000
1365179998971224000
1365179999171197000
1365179999371162000
1365179999571124000
1365179999771088000
1365179999971052000
1365180000171013000
1365180000370980000
1365180000570943000
1365180000770903000
1365180000970870000
1365180001170831000
1365180001370801000
1365180001570759000
1365180001770723000
1365180001970677000
1365180002170650000
1365180002370614000
1365180002570579000
1365180002770538000
1365180002970494000
1365180003170469000
1365180003370428000
1365180003570396000
1365180003770359000
1365180003970311000
1365180004170284000
1365180004370257000
1365180004570211000
1365180004770170000
1365180004970128000
1365180005170098000
1365180005370070000
1365180005570025000
1365180005769992000
1365180005969956000
1365180006169919000
1365180006369880000
1365180006569848000
1365180006769810000
1365180006969772000
1365180007169734000
1365180007369697000
1365180007569701000
1365180007769624000
1365180007969592000
1365180008169551000
1365180008369559000
1365180008569477000
1365180008769441000
1365180008969398000
1365180009169368000
1365180009369333000
1365180009569295000
1365180009769263000
1365180009969214000
1365180010169189000
1365180010369166000
1365180010569114000
1365180010769074000
1365180010969067000
1365180011169001000
1365180011368969000
1365180011568978000
1365180011768891000
1365180011968851000
1365180012168820000
1365180012368785000
1365180012568747000
1365180012768714000
1365180012968675000
1365180013168639000
1365180013368601000
1365180013568564000
1365180013768535000
1365180013968481000
1365180014168488000
1365180014368416000
1365180014568382000
1365180014768346000
1365180014968299000
1365180015168271000
1365180015368262000
1365180015568198000
1365180015768164000
1365180015968115000
1365180016168118000
1365180016368052000
1365180016568017000
1365180016767995000
1365180016967941000
1365180017167905000
1365180017367867000
1365180017567833000
1365180017767812000
1365180017967755000
1365180018167722000
1365180018367690000
1365180018567654000
1365180018767614000
1365180018967568000
1365180019167543000
1365180019367505000
1365180019567468000
1365180019767431000
1365180019967384000
1365180020167357000
1365180020367322000
1365180020567288000
1365180020767262000
1365180020967203000
1365180021167173000
1365180021367159000
1365180021567099000
1365180021767063000
1365180021967020000
1365180022166996000
1365180022367004000
1365180022566955000
1365180022766890000
1365180022966836000
1365180023166814000
1365180023366790000
1365180023566781000
1365180023766718000
1365180023966681000
1365180024166639000
1365180024366589000
1365180024566555000
1365180024766518000
1365180024966472000
1365180025166452000
1365180025366415000
1365180025566373000
1365180025766335000
1365180025966292000
1365180026166260000
1365180026366223000
1365180026566418000
1365180026766153000
1365180026966114000
1365180027166080000
1365180027366041000
1365180027566046000
1365180027765988000
1365180027965926000
1365180028165897000
1365180028365858000
1365180028565840000
1365180028766074000
1365180028965769000
1365180029165886000
1365180029365674000
1365180029565640000
1365180029765633000
1365180029965557000
1365180030165531000
1365180030365491000
1365180030565568000
1365180030765418000
1365180030965375000
1365180031165351000
1365180031365308000
1365180031565315000
1365180031765237000
1365180031965192000
1365180032165163000
1365180032365128000
1365180032565089000
1365180032765055000
1365180032965007000
1365180033164983000
1365180033364947000
1365180033564907000
1365180033764876000
1365180033964825000
1365180034164799000
1365180034364761000
1365180034564781000
1365180034764688000
1365180034964643000
1365180035164619000
1365180035364579000
1365180035564543000
1365180035764522000
1365180035964459000
1365180036164437000
1365180036364433000
1365180036564386000
1365180036764322000
1365180036964277000
1365180037164266000
1365180037364212000
1365180037564178000
1365180037764172000
1365180037964136000
1365180038164069000
1365180038364030000
1365180038563993000
1365180038763956000
1365180038963914000
1365180039163885000
1365180039363846000
1365180039563807000
1365180039763783000
1365180039963733000
1365180040163701000
1365180040363667000
1365180040563630000
1365180040763594000
1365180040963548000
1365180041163517000
1365180041363480000
1365180041563443000
1365180041763407000
1365180041963364000
1365180042163335000
1365180042363299000
1365180042563264000
1365180042763229000
1365180042963178000
1365180043163152000
1365180043363115000
1365180043563079000
1365180043763041000
1365180043962997000
1365180044162985000
1365180044362934000
1365180044562897000
1365180044762873000
1365180044962969000
1365180045162787000
1365180045362753000
1365180045562715000
1365180045762675000
1365180045962640000
1365180046162607000
1365180046362567000
1365180046562534000
1365180046762492000
1365180046962448000
1365180047162423000
1365180047362383000
1365180047562351000
1365180047762308000
1365180047962266000
1365180048162238000
1365180048362200000
1365180048562181000
1365180048762126000
1365180048962082000
1365180049162055000
1365180049362016000
1365180049561984000
1365180049761946000
1365180049961900000
1365180050161873000
1365180050361856000
1365180050561802000
1365180050761762000
1365180050961729000
1365180051161690000
1365180051361653000
1365180051561638000
1365180051761595000
1365180051961555000
1365180052161507000
1365180052361470000
1365180052561440000
1365180052761403000
1365180052961354000
1365180053161326000
1365180053362371000
1365180053561250000
1365180053761236000
1365180053961170000
1365180054161171000
1365180054361103000
1365180054561067000
1365180054761029000
1365180054960984000
1365180055160959000
1365180055360937000
1365180055560885000
1365180055760849000
1365180055960810000
1365180056160780000
1365180056360749000
1365180056560699000
1365180056760664000
1365180056960633000
1365180057160591000
1365180057360554000
1365180057560540000
1365180057760480000
1365180057960436000
1365180058160410000
1365180058360375000
1365180058560337000
1365180058760302000
1365180058960252000
1365180059160228000
1365180059360190000
1365180059560151000
1365180059760128000
1365180059960078000
1365180060160055000
1365180060360010000
1365180060559968000
1365180060759944000
1365180060959891000
1365180061159861000
1365180061359828000
1365180061559803000
1365180061759754000
1365180061959705000
1365180062159677000
1365180062359640000
1365180062559622000
1365180062759567000
1365180062959532000
1365180063159495000
1365180063359455000
1365180063559422000
1365180063759382000
1365180063959339000
1365180064159313000
1365180064359275000
1365180064559238000
1365180064759204000
1365180064959157000
1365180065159129000
1365180065359091000
1365180065559054000
1365180065759024000
1365180065958987000
1365180066158950000
1365180066358908000
1365180066558872000
1365180066758837000
1365180066958789000
1365180067158761000
1365180067358725000
1365180067558689000
1365180067758654000
1365180067958609000
1365180068158584000
1365180068358542000
1365180068558532000
1365180068758482000
1365180068958435000
1365180069158445000
1365180069358360000
1365180069558322000
1365180069758302000
1365180069958277000
1365180070158214000
1365180070358176000
1365180070558400000
1365180070758110000
1365180070958058000
1365180071158044000
1365180071357993000
1365180071557956000
1365180071757920000
1365180071957876000
1365180072157848000
1365180072357813000
1365180072557772000
1365180072757748000
1365180072957691000
1365180073157664000
1365180073357627000
1365180073557592000
1365180073757554000
1365180073957519000
1365180074157506000
1365180074357446000
1365180074557408000
1365180074757372000
1365180074957325000
1365180075157298000
1365180075357285000
1365180075557227000
1365180075757194000
1365180075957220000
1365180076157119000
1365180076357122000
1365180076557041000
1365180076757004000
1365180076956978000
1365180077157013000
1365180077356897000
1365180077556871000
1365180077756837000
1365180077956800000
1365180078156972000
1365180078356719000
1365180078556682000
1365180078756668000
1365180078956594000
1365180079156575000
1365180079356549000
1365180079556655000
1365180079756457000
1365180079956420000
1365180080156401000
1365180080356351000
1365180080556355000
1365180080756278000
1365180080956236000
1365180081156202000
1365180081356163000
1365180081556162000
1365180081756090000
1365180081956045000
1365180082156018000
1365180082355982000
1365180082555950000
1365180082755913000
1365180082955876000
1365180083155837000
1365180083355796000
1365180083555758000
1365180083755724000
1365180083955687000
1365180084155651000
1365180084355618000
1365180084555580000
1365180084755542000
1365180084955669000
1365180085155465000
1365180085355433000
1365180085555394000
1365180085755389000
1365180085955315000
1365180086155287000
1365180086355264000
1365180086555211000
1365180086755192000
1365180086955135000
1365180087155128000
1365180087355066000
1365180087555035000
1365180087754990000
1365180087954950000
1365180088154938000
1365180088354880000
1365180088554845000
1365180088754811000
1365180088954790000
1365180089154735000
1365180089354714000
1365180089554660000
1365180089754620000
1365180089954589000
1365180090155044000
1365180090354528000
1365180090554476000
1365180090754441000
1365180090954396000
1365180091154373000
1365180091354576000
1365180091554296000
1365180091754291000
1365180091954218000
1365180092154189000
1365180092354166000
1365180092554111000
1365180092754076000
1365180092954031000
1365180093154002000
1365180093353965000
1365180093553929000
1365180093753893000
1365180093953858000
1365180094153832000
1365180094353784000
1365180094553749000
1365180094753712000
1365180094953674000
1365180095153638000
1365180095353601000
1365180095553560000
1365180095753527000
1365180095953486000
1365180096153452000
1365180096353417000
1365180096553380000
1365180096753348000
1365180096953342000
1365180097153271000
1365180097353233000
1365180097553218000
1365180097753161000
1365180097953116000
1365180098153091000
1365180098353061000
1365180098553016000
1365180098752977000
1365180098952940000
1365180099152903000
1365180099352870000
1365180099552830000
1365180099752813000
1365180099952747000
1365180100152733000
1365180100352688000
1365180100552646000
1365180100752609000
1365180100952605000
1365180101152528000
1365180101352504000
1365180101552466000
1365180101752446000
1365180101952388000
1365180102152353000
1365180102352310000
1365180102552280000
1365180102752244000
1365180102952208000
1365180103152173000
1365180103352140000
1365180103552110000
1365180103752064000
1365180103952015000
1365180104152004000
1365180104351985000
1365180104551913000
1365180104751879000
1365180104951832000
1365180105151806000
1365180105351772000
1365180105551733000
1365180105751706000
1365180105951659000
1365180106151622000
1365180106351589000
1365180106551551000
1365180106751528000
1365180106951556000
1365180107151437000
1365180107351400000
1365180107551398000
1365180107751327000
1365180107951283000
1365180108151255000
1365180108351239000
1365180108551186000
1365180108751145000
1365180108951100000
1365180109151072000
1365180109351053000
1365180109551002000
1365180109750960000
1365180109950918000
1365180110150893000
1365180110350853000
1365180110550825000
1365180110750796000
1365180110950735000
1365180111150708000
1365180111350697000
1365180111550630000
1365180111750594000
1365180111950549000
1365180112150532000
1365180112350484000
1365180112550452000
1365180112750414000
1365180112950374000
1365180113150338000
1365180113350308000
1365180113550267000
1365180113750229000
1365180113950191000
1365180114150157000
1365180114350122000
1365180114550082000
1365180114750065000
1365180114950011000
1365180115149973000
1365180115349934000
1365180115549903000
1365180115749952000
1365180115949817000
1365180116149790000
1365180116349767000
1365180116549714000
1365180116749680000
1365180116949646000
1365180117149609000
1365180117349588000
1365180117549549000
1365180117749495000
1365180117949451000
1365180118149434000
1365180118349379000
1365180118549357000
1365180118749313000
1365180118949271000
1365180119149235000
1365180119349202000
1365180119549167000
1365180119749127000
1365180119949083000
1365180120149057000
1365180120349021000
1365180120548985000
1365180120748961000
1365180120948983000
1365180121148878000
1365180121348839000
1365180121548801000
1365180121748767000
1365180121948718000
1365180122148704000
1365180122348652000
1365180122548615000
1365180122748583000
1365180122948540000
1365180123148506000
1365180123348472000
1365180123548433000
1365180123748395000
1365180123948381000
1365180124148325000
1365180124348284000
1365180124548266000
1365180124748213000
1365180124948175000
1365180125148145000
1365180125348104000
1365180125548065000
1365180125748030000
1365180125947984000
1365180126147959000
1365180126347932000
1365180126547883000
1365180126747846000
1365180126947835000
1365180127147962000
1365180127347736000
1365180127547699000
1365180127747665000
1365180127947730000
1365180128147592000
1365180128347554000
1365180128547528000
1365180128747481000
1365180128947463000
1365180129147438000
1365180129347372000
1365180129547332000
1365180129747316000
1365180129947251000
1365180130147237000
1365180130347188000
1365180130547177000
1365180130747120000
1365180130947070000
1365180131147040000
1365180131347003000
1365180131546971000
1365180131746930000
1365180131946894000
1365180132146858000
1365180132346823000
1365180132546810000
1365180132746747000
1365180132946704000
1365180133146667000
1365180133346638000
1365180133546599000
1365180133746599000
1365180133946537000
1365180134146597000
1365180134346457000
1365180134546420000
1365180134746503000
1365180134946412000
1365180135146325000
1365180135346270000
1365180135546232000
1365180135746198000
1365180135946290000
1365180136146159000
1365180136346128000
1365180136546185000
1365180136746015000
1365180136945971000
1365180137145941000
1365180137345918000
1365180137545883000
1365180137745829000
1365180137945785000
1365180138145855000
1365180138345732000
1365180138545684000
1365180138745646000
1365180138945601000
1365180139145575000
1365180139345555000
1365180139545500000
1365180139745468000
1365180139945420000
1365180140145391000
1365180140345354000
1365180140545318000
1365180140745279000
1365180140945253000
1365180141145207000
1365180141345169000
1365180141545134000
1365180141745098000
1365180141945059000
1365180142145022000
1365180142344987000
1365180142544978000
1365180142744916000
1365180142944890000
1365180143144846000
1365180143344804000
1365180143544766000
1365180143744730000
1365180143944685000
1365180144144661000
1365180144344621000
1365180144544588000
1365180144744782000
1365180144944504000
1365180145144473000
1365180145344435000
1365180145544399000
1365180145744363000
1365180145944330000
1365180146144339000
1365180146344265000
1365180146544220000
1365180146744182000
1365180146944143000
1365180147144107000
1365180147344073000
1365180147544035000
1365180147743999000
1365180147943951000
1365180148143927000
1365180148343885000
1365180148543852000
1365180148744056000
1365180148943775000
1365180149143739000
1365180149343703000
1365180149543669000
1365180149743645000
1365180149943627000
1365180150143556000
1365180150343519000
1365180150543482000
1365180150743452000
1365180150943410000
1365180151143377000
1365180151343335000
1365180151543307000
1365180151743267000
1365180151943221000
1365180152143190000
1365180152343153000
1365180152543114000
1365180152743080000
1365180152943046000
1365180153143006000
1365180153342974000
1365180153542950000
1365180153742898000
1365180153942853000
1365180154142861000
1365180154342785000
1365180154542752000
1365180154742713000
1365180154942669000
1365180155142642000
1365180155342604000
1365180155542566000
1365180155742532000
1365180155942485000
1365180156142456000
1365180156342448000
1365180156542425000
1365180156742357000
1365180156942302000
1365180157142292000
1365180157342241000
1365180157542199000
1365180157742163000
1365180157942122000
1365180158142088000
1365180158342096000
1365180158542027000
1365180158741979000
1365180158941934000
1365180159141906000
1365180159341870000
1365180159541834000
1365180159741828000
1365180159941751000
1365180160141725000
1365180160341690000
1365180160541649000
1365180160741613000
1365180160941579000
1365180161141538000
1365180161341503000
1365180161541466000
1365180161741433000
1365180161941384000
1365180162141357000
1365180162341327000
1365180162541284000
1365180162741341000
1365180162941201000
1365180163141181000
1365180163341135000
1365180163541165000
1365180163741061000
1365180163941020000
1365180164140991000
1365180164340955000
1365180164540930000
1365180164740885000
1365180164940854000
1365180165140807000
1365180165340767000
1365180165540735000
1365180165740697000
1365180165940660000
1365180166140625000
1365180166340604000
1365180166540550000
1365180166740515000
1365180166940479000
1365180167140456000
1365180167340435000
1365180167540367000
1365180167740331000
1365180167940287000
1365180168140256000
1365180168340220000
1365180168540182000
1365180168740145000
1365180168940112000
1365180169140076000
1365180169340034000
1365180169540016000
1365180169739967000
1365180169939927000
1365180170139889000
1365180170339855000
1365180170539817000
1365180170739782000
1365180170939744000
1365180171139706000
1365180171339668000
1365180171539641000
1365180171739608000
1365180171939558000
1365180172139522000
1365180172339485000
1365180172539448000
1365180172739411000
1365180172939398000
1365180173139341000
1365180173339304000
1365180173539285000
1365180173739232000
1365180173939197000
1365180174139156000
1365180174339120000
1365180174539090000
1365180174739048000
1365180174939004000
1365180175138973000
1365180175338935000
1365180175538901000
1365180175738877000
1365180175938817000
1365180176138790000
1365180176338793000
1365180176538717000
1365180176738679000
1365180176938641000
1365180177138608000
1365180177338580000
1365180177538535000
1365180177738511000
1365180177938461000
1365180178138425000
1365180178338387000
1365180178538377000
1365180178738314000
1365180178938269000
1365180179138244000
1365180179338207000
1365180179538167000
1365180179738131000
1365180179938112000
1365180180138058000
1365180180338008000
1365180180538004000
1365180180737946000
1365180180937908000
1365180181137872000
1365180181337835000
1365180181537798000
1365180181737762000
1365180181937728000
1365180182137715000
1365180182337654000
1365180182537618000
1365180182737579000
1365180182937544000
1365180183137681000
1365180183337472000
1365180183537431000
1365180183737409000
1365180183937364000
1365180184137323000
1365180184337286000
1365180184537259000
1365180184737222000
1365180184937168000
1365180185137140000
1365180185337131000
1365180185537065000
1365180185737033000
1365180185936984000
1365180186136957000
1365180186336923000
1365180186536986000
1365180186736850000
1365180186936800000
1365180187136770000
1365180187336759000
1365180187536698000
1365180187736662000
1365180187936621000
1365180188136594000
1365180188336551000
1365180188536532000
1365180188736479000
1365180188936432000
1365180189136408000
1365180189336364000
1365180189536365000
1365180189736295000
1365180189936356000
1365180190136225000
1365180190336189000
1365180190536151000
1365180190736131000
1365180190936142000
1365180191136146000
1365180191336000000
1365180191535964000
1365180191736127000
1365180191935881000
1365180192135857000
1365180192335817000
1365180192535804000
1365180192736238000
1365180192935721000
1365180193135674000
1365180193335650000
1365180193535612000
1365180193735577000
1365180193935862000
1365180194135503000
1365180194335451000
1365180194535477000
1365180194735380000
1365180194935341000
1365180195135315000
1365180195335265000
1365180195535230000
1365180195735195000
1365180195935180000
1365180196135134000
1365180196335074000
1365180196535051000
1365180196735014000
1365180196934975000
1365180197134939000
1365180197334925000
1365180197534863000
1365180197734842000
1365180197934781000
1365180198134757000
1365180198334716000
1365180198534689000
1365180198734646000
1365180198934600000
1365180199134573000
1365180199334534000
1365180199534499000
1365180199734463000
1365180199934423000
1365180200134402000
1365180200334669000
1365180200534342000
1365180200734277000
1365180200934231000
1365180201134219000
1365180201334166000
1365180201534130000
1365180201734093000
1365180201934058000
1365180202134019000
1365180202333985000
1365180202533946000
1365180202733911000
1365180202933877000
1365180203133847000
1365180203333801000
1365180203533753000
1365180203733726000
1365180203933679000
1365180204133654000
1365180204333617000
1365180204533584000
1365180204733542000
1365180204933505000
1365180205133482000
1365180205333434000
1365180205533398000
1365180205733362000
1365180205933315000
1365180206133288000
1365180206333253000
1365180206533213000
1365180206733190000
1365180206933131000
1365180207133133000
1365180207333065000
1365180207533034000
1365180207732994000
1365180207932958000
1365180208132917000
1365180208332883000
1365180208532845000
1365180208732814000
1365180208932777000
1365180209132738000
1365180209332704000
1365180209532663000
1365180209732629000
1365180209932588000
1365180210132553000
1365180210332515000
1365180210532481000
1365180210732445000
1365180210932408000
1365180211132370000
1365180211332330000
1365180211532290000
1365180211732266000
1365180211932215000
1365180212132300000
1365180212332235000
1365180212532111000
1365180212732087000
1365180212932032000
1365180213132001000
1365180213331969000
1365180213531929000
1365180213731898000
1365180213931854000
1365180214131817000
1365180214331782000
1365180214531742000
1365180214731710000
1365180214931669000
1365180215131635000
1365180215331670000
1365180215531564000
1365180215731529000
1365180215931492000
1365180216131457000
1365180216331413000
1365180216531380000
1365180216731344000
1365180216931296000
1365180217131269000
1365180217331251000
1365180217531193000
1365180217731159000
1365180217931113000
1365180218131084000
1365180218331063000
1365180218531011000
1365180218730972000
1365180218930928000
1365180219130902000
1365180219330862000
1365180219530828000
1365180219730795000
1365180219930751000
1365180220130720000
1365180220330671000
1365180220530872000
1365180220730607000
1365180220930561000
1365180221130650000
1365180221330518000
1365180221530460000
1365180221730426000
1365180221930448000
1365180222130505000
1365180222330406000
1365180222530433000
1365180222730241000
1365180222930376000
1365180223130389000
1365180223330130000
1365180223530099000
1365180223730066000
1365180223930013000
1365180224129986000
1365180224329948000
1365180224529938000
1365180224729874000
1365180224929828000
1365180225129799000
1365180225329764000
1365180225529729000
1365180225729695000
1365180225929643000
1365180226129618000
1365180226329584000
1365180226529564000
1365180226729507000
1365180226929501000
1365180227129433000
1365180227329402000
1365180227529367000
1365180227729324000
1365180227929277000
1365180228129259000
1365180228329215000
1365180228529175000
1365180228729150000
1365180228929104000
1365180229129065000
1365180229329032000
1365180229528995000
1365180229728954000
1365180229928910000
1365180230128881000
1365180230328847000
1365180230528811000
1365180230728771000
1365180230928730000
1365180231128698000
1365180231328659000
1365180231528624000
1365180231728604000
1365180231928551000
1365180232128515000
1365180232328519000
1365180232528441000
1365180232728406000
1365180232928363000
1365180233128335000
1365180233328308000
1365180233528259000
1365180233728244000
1365180233928185000
1365180234128149000
1365180234328110000
1365180234528096000
1365180234728043000
1365180234928024000
1365180235127964000
1365180235327927000
1365180235527890000
1365180235727855000
1365180235927812000
1365180236127819000
1365180236327744000
1365180236527787000
1365180236727673000
1365180236927625000
1365180237127612000
1365180237327568000
1365180237527523000
1365180237727488000
1365180237927519000
1365180238127434000
1365180238327383000
1365180238527342000
1365180238727330000
1365180238927261000
1365180239127232000
1365180239327219000
1365180239527156000
1365180239727140000
1365180239927102000
1365180240127072000
1365180240327014000
1365180240526977000
1365180240726936000
1365180240926900000
1365180241126864000
1365180241326857000
1365180241526789000
1365180241726754000
1365180241926706000
1365180242126682000
1365180242326793000
1365180242526606000
1365180242726740000
1365180242926525000
1365180243126487000
1365180243326460000
1365180243526423000
1365180243726521000
1365180243926542000
1365180244126461000
1365180244326411000
1365180244526448000
1365180244726245000
1365180244926174000
1365180245126174000
1365180245326410000
1365180245526063000
1365180245726017000
1365180245925973000
1365180246125964000
1365180246325910000
1365180246525891000
1365180246725836000
1365180246925791000
1365180247125777000
1365180247325728000
1365180247525690000
1365180247725675000
1365180247925609000
1365180248125580000
1365180248325900000
1365180248525503000
1365180248725469000
1365180248925433000
1365180249125401000
1365180249325357000
1365180249525328000
1365180249725287000
1365180249925241000
1365180250125245000
1365180250325178000
1365180250525138000
1365180250725119000
1365180250925056000
1365180251125042000
1365180251324989000
1365180251524955000
1365180251724922000
1365180251925023000
1365180252124847000
1365180252324829000
1365180252525056000
1365180252724751000
1365180252924689000
1365180253124660000
1365180253324626000
1365180253524590000
1365180253724550000
1365180253924506000
1365180254124481000
1365180254324438000
1365180254524405000
1365180254724370000
1365180254924321000
1365180255124309000
1365180255324256000
1365180255524221000
1365180255724215000
1365180255924140000
1365180256124117000
1365180256324071000
1365180256524038000
1365180256724011000
1365180256923957000
1365180257123949000
1365180257323908000
1365180257523856000
1365180257723817000
1365180257923834000
1365180258123748000
1365180258323705000
1365180258523670000
1365180258723623000
1365180258923590000
1365180259123560000
1365180259323524000
1365180259523488000
1365180259723629000
1365180259923404000
1365180260123373000
1365180260323342000
1365180260523309000
1365180260723270000
1365180260923225000
1365180261123193000
1365180261323171000
1365180261523124000
1365180261723087000
1365180261923069000
1365180262123012000
1365180262322971000
1365180262522937000
1365180262722901000
1365180262922853000
1365180263122824000
1365180263322800000
1365180263522751000
1365180263722714000
1365180263922679000
1365180264122644000
1365180264322603000
1365180264522571000
1365180264722531000
1365180264922491000
1365180265122460000
1365180265322422000
1365180265522387000
1365180265722347000
1365180265922325000
1365180266122301000
1365180266322241000
1365180266522203000
1365180266722168000
1365180266922119000
1365180267122092000
1365180267322053000
1365180267522018000
1365180267721981000
1365180267921942000
1365180268121912000
1365180268321882000
1365180268521832000
1365180268721795000
1365180268921762000
1365180269121725000
1365180269321688000
1365180269521667000
1365180269721614000
1365180269921576000
1365180270121539000
1365180270321503000
1365180270521466000
1365180270721434000
1365180270921384000
1365180271121372000
1365180271321319000
1365180271521285000
1365180271721248000
1365180271921200000
1365180272121172000
1365180272321136000
1365180272521103000
1365180272721064000
1365180272921016000
1365180273120991000
1365180273320951000
1365180273520929000
1365180273720880000
1365180273920841000
1365180274120805000
1365180274320767000
1365180274520771000
1365180274720697000
1365180274920659000
1365180275120624000
1365180275320582000
1365180275520543000
1365180275720526000
1365180275920466000
1365180276120436000
1365180276320402000
1365180276520363000
1365180276720335000
1365180276920292000
1365180277120256000
1365180277320215000
1365180277520180000
1365180277720142000
1365180277920099000
1365180278120075000
1365180278320034000
1365180278519997000
1365180278719961000
1365180278919917000
1365180279119884000
1365180279319852000
1365180279519826000
1365180279719777000
1365180279919733000
1365180280119701000
1365180280319680000
1365180280519660000
1365180280719591000
1365180280919549000
1365180281119518000
1365180281319489000
1365180281519446000
1365180281719408000
1365180281919362000
1365180282119334000
1365180282319300000
1365180282519268000
1365180282719224000
1365180282919180000
1365180283119150000
1365180283319124000
1365180283519077000
1365180283719042000
1365180283918997000
1365180284118961000
1365180284318932000
1365180284518893000
1365180284718857000
1365180284918811000
1365180285118784000
1365180285318746000
1365180285518711000
1365180285718675000
1365180285918649000
1365180286118601000
1365180286318565000
1365180286518530000
1365180286718503000
1365180286918446000
1365180287118418000
1365180287318383000
1365180287518358000
1365180287718304000
1365180287918275000
1365180288118232000
1365180288318197000
1365180288518158000
1365180288718124000
1365180288918076000
1365180289118047000
1365180289318036000
1365180289518014000
1365180289717936000
1365180289917895000
1365180290117865000
1365180290317828000
1365180290517785000
1365180290717755000
1365180290917710000
1365180291117684000
1365180291317647000
1365180291517618000
1365180291717571000
1365180291917529000
1365180292117523000
1365180292317489000
1365180292517431000
1365180292717399000
1365180292917342000
1365180293117315000
1365180293317280000
1365180293517277000
1365180293717223000
1365180293917165000
1365180294117168000
1365180294317099000
1365180294517071000
1365180294717023000
1365180294916975000
1365180295116948000
1365180295316917000
1365180295516878000
1365180295716837000
1365180295916790000
1365180296116765000
1365180296316729000
1365180296516688000
1365180296716680000
1365180296916616000
1365180297116578000
1365180297316576000
1365180297516504000
1365180297716477000
1365180297916527000
1365180298116397000
1365180298316358000
1365180298516320000
1365180298716301000
1365180298916240000
1365180299116295000
1365180299316176000
1365180299516137000
1365180299716099000
1365180299916056000
1365180300116026000
1365180300315993000
1365180300515951000
1365180300715933000
1365180300915880000
1365180301115854000
1365180301315811000
1365180301515773000
1365180301715735000
1365180301915688000
1365180302115660000
1365180302315621000
1365180302515584000
1365180302715574000
1365180302915526000
1365180303115474000
1365180303315456000
1365180303515404000
1365180303715366000
1365180303915323000
1365180304115298000
1365180304315265000
1365180304515216000
1365180304715189000
1365180304915136000
1365180305115106000
1365180305315070000
1365180305515038000
1365180305714989000
1365180305914952000
1365180306114926000
1365180306314884000
1365180306514850000
1365180306714813000
1365180306914769000
1365180307114742000
1365180307314707000
1365180307514672000
1365180307714630000
1365180307914586000
1365180308114557000
1365180308314520000
1365180308514481000
1365180308714443000
1365180308914444000
1365180309114371000
1365180309314345000
1365180309514297000
1365180309714269000
1365180309914216000
1365180310114188000
1365180310314167000
1365180310514114000
1365180310714076000
1365180310914032000
1365180311114084000
1365180311313968000
1365180311513935000
1365180311713893000
1365180311913850000
1365180312113819000
1365180312313782000
1365180312513744000
1365180312713710000
1365180312913666000
1365180313113634000
1365180313313626000
1365180313513566000
1365180313713525000
1365180313913482000
1365180314113453000
1365180314313417000
1365180314513377000
1365180314713341000
1365180314913296000
1365180315113267000
1365180315313231000
1365180315513194000
1365180315713157000
1365180315913116000
1365180316113104000
1365180316313048000
1365180316513009000
1365180316712975000
1365180316912929000
1365180317112902000
1365180317312862000
1365180317512826000
1365180317712789000
1365180317912770000
1365180318112715000
1365180318312679000
1365180318512641000
1365180318712609000
1365180318912566000
1365180319112534000
1365180319312496000
1365180319512459000
1365180319712425000
1365180319912388000
1365180320112346000
1365180320312315000
1365180320512278000
1365180320712236000
1365180320912191000
1365180321112163000
1365180321312137000
1365180321512091000
1365180321712290000
1365180321912009000
1365180322111980000
1365180322312175000
1365180322511897000
1365180322711864000
1365180322911823000
1365180323111808000
1365180323311755000
1365180323511723000
1365180323711684000
1365180323911640000
1365180324111612000
1365180324311573000
1365180324511565000
1365180324711498000
1365180324911456000
1365180325111425000
1365180325311388000
1365180325511360000
1365180325711316000
1365180325911272000
1365180326111240000
1365180326311207000
1365180326511169000
1365180326711166000
1365180326911088000
1365180327111059000
1365180327311019000
1365180327510986000
1365180327710947000
1365180327910903000
1365180328110875000
1365180328310839000
1365180328510799000
1365180328710768000
1365180328910719000
1365180329110689000
1365180329310671000
1365180329510619000
1365180329710623000
1365180329910538000
1365180330110505000
1365180330310468000
1365180330510432000
1365180330710395000
1365180330910352000
1365180331110339000
1365180331310283000
1365180331510250000
1365180331710410000
1365180331910173000
1365180332110137000
1365180332310098000
1365180332510332000
1365180332710028000
1365180332909981000
1365180333109966000
1365180333309929000
1365180333509916000
1365180333709841000
1365180333909798000
1365180334109767000
1365180334309742000
1365180334509693000
1365180334709656000
1365180334909620000
1365180335109584000
1365180335309546000
1365180335509511000
1365180335709473000
1365180335909436000
1365180336109401000
1365180336309362000
1365180336509327000
1365180336709293000
1365180336909243000
1365180337109216000
1365180337309178000
1365180337509141000
1365180337709105000
1365180337909060000
1365180338109028000
1365180338309220000
1365180338508956000
1365180338708923000
1365180338908876000
1365180339108848000
1365180339308803000
1365180339508773000
1365180339708734000
1365180339908692000
1365180340108661000
1365180340308626000
1365180340508608000
1365180340708552000
1365180340908507000
1365180341108506000
1365180341308443000
1365180341508405000
1365180341708368000
1365180341908335000
1365180342108295000
1365180342308266000
1365180342508220000
1365180342708185000
1365180342908152000
1365180343108127000
1365180343308076000
1365180343508034000
1365180343708001000
1365180343907955000
1365180344107924000
1365180344307893000
1365180344507855000
1365180344707818000
1365180344907779000
1365180345107739000
1365180345307705000
1365180345507672000
1365180345707631000
1365180345907585000
1365180346107557000
1365180346307526000
1365180346507485000
1365180346707459000
1365180346907408000
1365180347107373000
1365180347307338000
1365180347507302000
1365180347707267000
1365180347907217000
1365180348107191000
1365180348307150000
1365180348507114000
1365180348707078000
1365180348907073000
1365180349107006000
1365180349306968000
1365180349506933000
1365180349706901000
1365180349906849000
1365180350106836000
1365180350306784000
1365180350506749000
1365180350706709000
1365180350906674000
1365180351106637000
1365180351306598000
1365180351506562000
1365180351706523000
1365180351906504000
1365180352106453000
1365180352306423000
1365180352506379000
1365180352706363000
1365180352906313000
1365180353106268000
1365180353306224000
1365180353506209000
1365180353706180000
1365180353906118000
1365180354106085000
1365180354306048000
1365180354506010000
1365180354706340000
1365180354905937000
1365180355105897000
1365180355305861000
1365180355505842000
1365180355705785000
1365180355905752000
1365180356105713000
1365180356305716000
1365180356505658000
1365180356706391000
1365180356905584000
1365180357105539000
1365180357305502000
1365180357505458000
1365180357705431000
1365180357905393000
1365180358105345000
1365180358305347000
1365180358505275000
1365180358705236000
1365180358905200000
1365180359105166000
1365180359305125000
1365180359505100000
1365180359705053000
1365180359905016000
1365180360104981000
1365180360304940000
1365180360504923000
1365180360704866000
1365180360904836000
1365180361104794000
1365180361304754000
1365180361504720000
1365180361704684000
1365180361904645000
1365180362104608000
1365180362304571000
1365180362504536000
1365180362704498000
1365180362904470000
1365180363104426000
1365180363304385000
1365180363504351000
1365180363704313000
1365180363904279000
1365180364104239000
1365180364304203000
1365180364504167000
1365180364704139000
1365180364904111000
1365180365104059000
1365180365304018000
1365180365503981000
1365180365703962000
1365180365903910000
1365180366103870000
1365180366303833000
1365180366503797000
1365180366703771000
1365180366903722000
1365180367103684000
1365180367303648000
1365180367503612000
1365180367703996000
1365180367903541000
1365180368103503000
1365180368303499000
1365180368503429000
1365180368703391000
1365180368903356000
1365180369103319000
1365180369303306000
1365180369503243000
1365180369703352000
1365180369903172000
1365180370103136000
1365180370303519000
1365180370503059000
1365180370703024000
1365180370903005000
1365180371102948000
1365180371302911000
1365180371502886000
1365180371702837000
1365180371902800000
1365180372102763000
1365180372302729000
1365180372502694000
1365180372702655000
1365180372902675000
1365180373102588000
1365180373302550000
1365180373502508000
1365180373702481000
1365180373902432000
1365180374102395000
1365180374302357000
1365180374502373000
1365180374702331000
1365180374902257000
1365180375102213000
1365180375302175000
1365180375502130000
1365180375702102000
1365180375902081000
1365180376102029000
1365180376301992000
1365180376501954000
1365180376701917000
1365180376901884000
1365180377101844000
1365180377301806000
1365180377501767000
1365180377701739000
1365180377901713000
1365180378101659000
1365180378301620000
1365180378501588000
1365180378701547000
1365180378901510000
1365180379101473000
1365180379301453000
1365180379501402000
1365180379701364000
1365180379901343000
1365180380101289000
1365180380301266000
1365180380501221000
1365180380701181000
1365180380901143000
1365180381101104000
1365180381301070000
1365180381501034000
1365180381700993000
1365180381900997000
1365180382100922000
1365180382300926000
1365180382500847000
1365180382700811000
1365180382900774000
1365180383100738000
1365180383300701000
1365180383501050000
1365180383700627000
1365180383900589000
1365180384100553000
1365180384300514000
1365180384500482000
1365180384700459000
1365180384900409000
1365180385100377000
1365180385300333000
1365180385500304000
1365180385700256000
1365180385900226000
1365180386100183000
1365180386300147000
1365180386500124000
1365180386700113000
1365180386900029000
1365180387100001000
1365180387299963000
1365180387499952000
1365180387699888000
1365180387899855000
1365180388099985000
1365180388299799000
1365180388499739000
1365180388699720000
1365180388900009000
1365180389099644000
1365180389299596000
1365180389499556000
1365180389699529000
1365180389899487000
1365180390099449000
1365180390299413000
1365180390499372000
1365180390699335000
1365180390899302000
1365180391099261000
1365180391299226000
1365180391499189000
1365180391699150000
1365180391899177000
1365180392099093000
1365180392299040000
1365180392499019000
1365180392698965000
1365180392898930000
1365180393098895000
1365180393298854000
1365180393498819000
1365180393698785000
1365180393898747000
1365180394098702000
1365180394298697000
1365180394498637000
1365180394698612000
1365180394898561000
1365180395098540000
1365180395298491000
1365180395498454000
1365180395698427000
1365180395898379000
1365180396098341000
1365180396298304000
1365180396498272000
1365180396698231000
1365180396898192000
1365180397098157000
1365180397298123000
1365180397498083000
1365180397698046000
1365180397898012000
1365180398097975000
1365180398297935000
1365180398497901000
1365180398697864000
1365180398897824000
1365180399097819000
1365180399297753000
1365180399497713000
1365180399697700000
1365180399897641000
1365180400097605000
1365180400297630000
1365180400497555000
1365180400697552000
1365180400897454000
1365180401097423000
1365180401297422000
1365180401497346000
1365180401697308000
1365180401897276000
1365180402097238000
1365180402297203000
1365180402497161000
1365180402697125000
1365180402897092000
1365180403097073000
1365180403297017000
1365180403496975000
1365180403696940000
1365180403896931000
1365180404096870000
1365180404296829000
1365180404496792000
1365180404696767000
1365180404896770000
1365180405096684000
1365180405296647000
1365180405496620000
1365180405696574000
1365180405896537000
1365180406096500000
1365180406296463000
1365180406496425000
1365180406696388000
1365180406896350000
1365180407096348000
1365180407296278000
1365180407496237000
1365180407696201000
1365180407896166000
1365180408096160000
1365180408296094000
1365180408496090000
1365180408696033000
1365180408896183000
1365180409095959000
1365180409295922000
1365180409495867000
1365180409695834000
1365180409895815000
1365180410095759000
1365180410295725000
1365180410495690000
1365180410695719000
1365180410895638000
1365180411095577000
1365180411295564000
1365180411495516000
1365180411695469000
1365180411895428000
1365180412095391000
1365180412295359000
1365180412495331000
1365180412695282000
1365180412895248000
1365180413095207000
1365180413295172000
1365180413495137000
1365180413695098000
1365180413895063000
1365180414095015000
1365180414294989000
1365180414494949000
1365180414694914000
1365180414894877000
1365180415094851000
1365180415294809000
1365180415494767000
1365180415694727000
1365180415894693000
1365180416094657000
1365180416294645000
1365180416494582000
1365180416694546000
1365180416894513000
1365180417094469000
1365180417294466000
1365180417494400000
1365180417694360000
1365180417894323000
1365180418094284000
1365180418294250000
1365180418494213000
1365180418694193000
1365180418894138000
1365180419094102000
1365180419294064000
1365180419494030000
1365180419693993000
1365180419893986000
1365180420093920000
1365180420293884000
1365180420493842000
1365180420693808000
1365180420893774000
1365180421093734000
1365180421293697000
1365180421493664000
1365180421693622000
1365180421893599000
1365180422093549000
1365180422293510000
1365180422493475000
1365180422693437000
1365180422893407000
1365180423093364000
1365180423293327000
1365180423493317000
1365180423693270000
1365180423893217000
1365180424093180000
1365180424293144000
1365180424493105000
1365180424693086000
1365180424893038000
1365180425092996000
1365180425292958000
1365180425492923000
1365180425692888000
1365180425892849000
1365180426092813000
1365180426292780000
1365180426492744000
1365180426692700000
1365180426892669000
1365180427092633000
1365180427292589000
1365180427492569000
1365180427692516000
1365180427892483000
1365180428092472000
1365180428292419000
1365180428492383000
1365180428692332000
1365180428892297000
1365180429092263000
1365180429292220000
1365180429492188000
1365180429692155000
1365180429892115000
1365180430092104000
1365180430292049000
1365180430492002000
1365180430691976000
1365180430891951000
1365180431091890000
1365180431291853000
1365180431491820000
1365180431691782000
1365180431891744000
1365180432091719000
1365180432291669000
1365180432491640000
1365180432691597000
1365180432891558000
1365180433091523000
1365180433291484000
1365180433491503000
1365180433691414000
1365180433891375000
1365180434091339000
1365180434291306000
1365180434491262000
1365180434691227000
1365180434891196000
1365180435091153000
1365180435291134000
1365180435491080000
1365180435691047000
1365180435891009000
1365180436090971000
1365180436290936000
1365180436490894000
1365180436690858000
1365180436890822000
1365180437090783000
1365180437290750000
1365180437490713000
1365180437690671000
1365180437890636000
1365180438090601000
1365180438290566000
1365180438490529000
1365180438690488000
1365180438890451000
1365180439090418000
1365180439290380000
1365180439490343000
1365180439690303000
1365180439890272000
1365180440090304000
1365180440290196000
1365180440490159000
1365180440690122000
1365180440890083000
1365180441090050000
1365180441290010000
1365180441489993000
1365180441689939000
1365180441889901000
1365180442089898000
1365180442289832000
1365180442489801000
1365180442689753000
1365180442889879000
1365180443089692000
1365180443289641000
1365180443489619000
1365180443689571000
1365180443889861000
1365180444089496000
1365180444289457000
1365180444489439000
1365180444689384000
1365180444889344000
1365180445089308000
1365180445289403000
1365180445489234000
1365180445689198000
1365180445889166000
1365180446089123000
1365180446289089000
1365180446489051000
1365180446689046000
1365180446888981000
1365180447088946000
1365180447288903000
1365180447488870000
1365180447688831000
1365180447888797000
1365180448088757000
1365180448288724000
1365180448488686000
1365180448688648000
1365180448888610000
1365180449088577000
1365180449288542000
1365180449488498000
1365180449688461000
1365180449888451000
1365180450088385000
1365180450288381000
1365180450488314000
1365180450688291000
1365180450888254000
1365180451088205000
1365180451288169000
1365180451488132000
1365180451688097000
1365180451888057000
1365180452088018000
1365180452287982000
1365180452487959000
1365180452687909000
1365180452887873000
1365180453087868000
1365180453287809000
1365180453487763000
1365180453687725000
1365180453887686000
1365180454087651000
1365180454287615000
1365180454487575000
1365180454687581000
1365180454887509000
1365180455087473000
1365180455287431000
1365180455487390000
1365180455687358000
1365180455887363000
1365180456087286000
1365180456287243000
1365180456487211000
1365180456687174000
1365180456887135000
1365180457087099000
1365180457287065000
1365180457487025000
1365180457686990000
1365180457886953000
1365180458086914000
1365180458286874000
1365180458486847000
1365180458686803000
1365180458886770000
1365180459086730000
1365180459286716000
1365180459486662000
1365180459686619000
1365180459886582000
1365180460086546000
1365180460286510000
1365180460486471000
1365180460686435000
1365180460886414000
1365180461086361000
1365180461286322000
1365180461486287000
1365180461686239000
1365180461886214000
1365180462086188000
1365180462286136000
1365180462486093000
1365180462686081000
1365180462886027000
1365180463085990000
1365180463285953000
1365180463485918000
1365180463685898000
1365180463885844000
1365180464085920000
1365180464285767000
1365180464485754000
1365180464685753000
1365180464885660000
1365180465085618000
1365180465285586000
1365180465485546000
1365180465685510000
1365180465885508000
1365180466085437000
1365180466285409000
1365180466485364000
1365180466685371000
1365180466885290000
1365180467085290000
1365180467285215000
1365180467485179000
1365180467685144000
1365180467885188000
1365180468085071000
1365180468285030000
1365180468484994000
1365180468684958000
1365180468884920000
1365180469084917000
1365180469284847000
1365180469484812000
1365180469684771000
1365180469884734000
1365180470084697000
1365180470284684000
1365180470484628000
1365180470684597000
1365180470884552000
1365180471084506000
1365180471284479000
1365180471484458000
1365180471684400000
1365180471884371000
1365180472084334000
1365180472284301000
1365180472484256000
1365180472684217000
1365180472884185000
1365180473084162000
1365180473284109000
1365180473484075000
1365180473684036000
1365180473883997000
1365180474083962000
1365180474283923000
1365180474483885000
1365180474683861000
1365180474883817000
1365180475083778000
1365180475283753000
1365180475483704000
1365180475683666000
1365180475883632000
1365180476083591000
1365180476283555000
1365180476485530000
1365180476683482000
1365180476883444000
1365180477083410000
1365180477283372000
1365180477483522000
1365180477683296000
1365180477883262000
1365180478083386000
1365180478283185000
1365180478483203000
1365180478683110000
1365180478883091000
1365180479083038000
1365180479282999000
1365180479482963000
1365180479682944000
1365180479882890000
1365180480082868000
1365180480282815000
1365180480482778000
1365180480682741000
1365180480882710000
1365180481082669000
1365180481282668000
1365180481482594000
1365180481682560000
1365180481882530000
1365180482082487000
1365180482282452000
1365180482482411000
1365180482682373000
1365180482882340000
1365180483082305000
1365180483282265000
1365180483482226000
1365180483682187000
1365180483882154000
1365180484082115000
1365180484282081000
1365180484482040000
1365180484682002000
1365180484881966000
1365180485081941000
1365180485281893000
1365180485481856000
1365180485681819000
1365180485881782000
1365180486081764000
1365180486281709000
1365180486481675000
1365180486681634000
1365180486881616000
1365180487081562000
1365180487281525000
1365180487481500000
1365180487681454000
1365180487881414000
1365180488081369000
1365180488281338000
1365180488481314000
1365180488681266000
1365180488881252000
1365180489081192000
1365180489281161000
1365180489481118000
1365180489681081000
1365180489881045000
1365180490081007000
1365180490280971000
1365180490480933000
1365180490680908000
1365180490880858000
1365180491080822000
1365180491280789000
1365180491480748000
1365180491680713000
1365180491880678000
1365180492080640000
1365180492280603000
1365180492480568000
1365180492680530000
1365180492880524000
1365180493080469000
1365180493280417000
1365180493480390000
1365180493680344000
1365180493880312000
1365180494080268000
1365180494280234000
1365180494480195000
1365180494680160000
1365180494880141000
1365180495080091000
1365180495280048000
1365180495480008000
1365180495679974000
1365180495879938000
1365180496079899000
1365180496279863000
1365180496479826000
1365180496679792000
1365180496879767000
1365180497079713000
1365180497279858000
1365180497479645000
1365180497679604000
1365180497879579000
1365180498079534000
1365180498279893000
1365180498479459000
1365180498679431000
1365180498879382000
1365180499079346000
1365180499279310000
1365180499479274000
1365180499679236000
1365180499879208000
1365180500079162000
1365180500279124000
1365180500479088000
1365180500679066000
1365180500879029000
1365180501078979000
1365180501278944000
1365180501478942000
1365180501678863000
1365180501878830000
1365180502078789000
1365180502278754000
1365180502478720000
1365180502678697000
1365180502878647000
1365180503078605000
1365180503278570000
1365180503478534000
1365180503678494000
1365180503878457000
1365180504078421000
1365180504278384000
1365180504478349000
1365180504678312000
1365180504878276000
1365180505078240000
1365180505278201000
1365180505478226000
1365180505678127000
1365180505878089000
1365180506078051000
1365180506278014000
1365180506477978000
1365180506677941000
1365180506877923000
1365180507077868000
1365180507277859000
1365180507477797000
1365180507677820000
1365180507877720000
1365180508077685000
1365180508277648000
1365180508477609000
1365180508677588000
1365180508877573000
1365180509077500000
1365180509277462000
1365180509477425000
1365180509677406000
1365180509877350000
1365180510077321000
1365180510277282000
1365180510477242000
1365180510677202000
1365180510877220000
1365180511077372000
1365180511277092000
1365180511477058000
1365180511677015000
1365180511877000000
1365180512076936000
1365180512276926000
1365180512476882000
1365180512676832000
1365180512876801000
1365180513076778000
1365180513276723000
1365180513476688000
1365180513676651000
1365180513876612000
1365180514076576000
1365180514276556000
1365180514476500000
1365180514676481000
1365180514876426000
1365180515076389000
1365180515276374000
1365180515476321000
1365180515676319000
1365180515876242000
1365180516076205000
1365180516276170000
1365180516476133000
1365180516676119000
1365180516876060000
1365180517076024000
1365180517275985000
1365180517476115000
1365180517675908000
1365180517875888000
1365180518075834000
1365180518275812000
1365180518475949000
1365180518675723000
1365180518875689000
1365180519075644000
1365180519275612000
1365180519475576000
1365180519675542000
1365180519875519000
1365180520075471000
1365180520275432000
1365180520475390000
1365180520675374000
1365180520875318000
1365180521075286000
1365180521275247000
1365180521475208000
1365180521675176000
1365180521875139000
1365180522075099000
1365180522275061000
1365180522475025000
1365180522675010000
1365180522874950000
1365180523074918000
1365180523274879000
1365180523474850000
1365180523674798000
1365180523874804000
1365180524074737000
1365180524274710000
1365180524474652000
1365180524674618000
1365180524874581000
1365180525074570000
1365180525274505000
1365180525474466000
1365180525674429000
1365180525874398000
1365180526074362000
1365180526274320000
1365180526474281000
1365180526674248000
1365180526874209000
1365180527074170000
1365180527274167000
1365180527474099000
1365180527674061000
1365180527874037000
1365180528073989000
1365180528273953000
1365180528473919000
1365180528673906000
1365180528873844000
1365180529073817000
1365180529273776000
1365180529473730000
1365180529673695000
1365180529873687000
1365180530073630000
1365180530273586000
1365180530473545000
1365180530673509000
1365180530873472000
1365180531073432000
1365180531273399000
1365180531473365000
1365180531673323000
1365180531873287000
1365180532073247000
1365180532273213000
1365180532473173000
1365180532673198000
1365180532873103000
1365180533073062000
1365180533273032000
1365180533472990000
1365180533672954000
1365180533872916000
1365180534072911000
1365180534272842000
1365180534472806000
1365180534672768000
1365180534872729000
1365180535072705000
1365180535272659000
1365180535472630000
1365180535672601000
1365180535872546000
1365180536072499000
1365180536272477000
1365180536472433000
1365180536672398000
1365180536872361000
1365180537072325000
1365180537272303000
1365180537472255000
1365180537672216000
1365180537872193000
1365180538072139000
1365180538272104000
1365180538472069000
1365180538672034000
1365180538872003000
1365180539071953000
1365180539271919000
1365180539471897000
1365180539671843000
1365180539871824000
1365180540071772000
1365180540271731000
1365180540471706000
1365180540671662000
1365180540871624000
1365180541071584000
1365180541271553000
1365180541471513000
1365180541671476000
1365180541871439000
1365180542071406000
1365180542271365000
1365180542471326000
1365180542671293000
1365180542871266000
1365180543071216000
1365180543271185000
1365180543471146000
1365180543671107000
1365180543871493000
1365180544071034000
1365180544270994000
1365180544470958000
1365180544670919000
1365180544870885000
1365180545070857000
1365180545270817000
1365180545470772000
1365180545670748000
1365180545870700000
1365180546070664000
1365180546270625000
1365180546470590000
1365180546670550000
1365180546870515000
1365180547070479000
1365180547270442000
1365180547470402000
1365180547670440000
1365180547870347000
1365180548070291000
1365180548270256000
1365180548470237000
1365180548670180000
1365180548870144000
1365180549070133000
1365180549270070000
1365180549470086000
1365180549669998000
1365180549869958000
1365180550069926000
1365180550269886000
1365180550469849000
1365180550669815000
1365180550869774000
1365180551069737000
1365180551269705000
1365180551469663000
1365180551669627000
1365180551869598000
1365180552069551000
1365180552269515000
1365180552469479000
1365180552669456000
1365180552869407000
1365180553069373000
1365180553269347000
1365180553469314000
1365180553669260000
1365180553869241000
1365180554069224000
1365180554269147000
1365180554469125000
1365180554669073000
1365180554869034000
1365180555069011000
1365180555268971000
1365180555468927000
1365180555668891000
1365180555868854000
1365180556068815000
1365180556268797000
1365180556468741000
1365180556668704000
1365180556868665000
1365180557068631000
1365180557268595000
1365180557468555000
1365180557668519000
1365180557868482000
1365180558068448000
1365180558268407000
1365180558468371000
1365180558668332000
1365180558868300000
1365180559068260000
1365180559268226000
1365180559468187000
1365180559668166000
1365180559868113000
1365180560068076000
1365180560268037000
1365180560468000000
1365180560667964000
1365180560868155000
1365180561067891000
1365180561267870000
1365180561467843000
1365180561667781000
1365180561867742000
1365180562067836000
1365180562267670000
1365180562467632000
1365180562667599000
1365180562867558000
1365180563067528000
1365180563267502000
1365180563467486000
1365180563667460000
1365180563867377000
1365180564067339000
1365180564267390000
1365180564467257000
1365180564667227000
1365180564867301000
1365180565067210000
1365180565267166000
1365180565467086000
1365180565667044000
1365180565867008000
1365180566066966000
1365180566266931000
1365180566466909000
1365180566667122000
1365180566866822000
1365180567066785000
1365180567266748000
1365180567466731000
1365180567666701000
1365180567866849000
1365180568066598000
1365180568266571000
1365180568466527000
1365180568666490000
1365180568866513000
1365180569066419000
1365180569266379000
1365180569466481000
1365180569666390000
1365180569866268000
1365180570066767000
1365180570266215000
1365180570466165000
1365180570666363000
1365180570866080000
1365180571066046000
1365180571266007000
1365180571465969000
1365180571665992000
1365180571865897000
1365180572065869000
1365180572265822000
1365180572465794000
1365180572665748000
1365180572865715000
1365180573065680000
1365180573265666000
1365180573467142000
1365180573665597000
1365180573865543000
1365180574065491000
1365180574265484000
1365180574465416000
1365180574665380000
1365180574865343000
1365180575065299000
1365180575265271000
1365180575465232000
1365180575665191000
1365180575865156000
1365180576065122000
1365180576265085000
1365180576465044000
1365180576665008000
1365180576864971000
1365180577064955000
1365180577264903000
1365180577464860000
1365180577664824000
1365180577864788000
1365180578064754000
1365180578264717000
1365180578464675000
1365180578664642000
1365180578864604000
1365180579064564000
1365180579264530000
1365180579464491000
1365180579664456000
1365180579864424000
1365180580064384000
1365180580264372000
1365180580464311000
1365180580664274000
1365180580864234000
1365180581064201000
1365180581264159000
1365180581464125000
1365180581664086000
1365180581864049000
1365180582064015000
1365180582263974000
1365180582463936000
1365180582663899000
1365180582863888000
1365180583063825000
1365180583263801000
1365180583463759000
1365180583663715000
1365180583863684000
1365180584063641000
1365180584263606000
1365180584463574000
1365180584663531000
1365180584863524000
1365180585063458000
1365180585263419000
1365180585463385000
1365180585663345000
1365180585863310000
1365180586063274000
1365180586263237000
1365180586463197000
1365180586663255000
1365180586863289000
1365180587063090000
1365180587263051000
1365180587463032000
1365180587663107000
1365180587862939000
1365180588062905000
1365180588262868000
1365180588462832000
1365180588662793000
1365180588862782000
1365180589062720000
1365180589262683000
1365180589462648000
1365180589662608000
1365180589862572000
1365180590062590000
1365180590262501000
1365180590462498000
1365180590662422000
1365180590862417000
1365180591062339000
1365180591262311000
1365180591462276000
1365180591662239000
1365180591862202000
1365180592062169000
1365180592262130000
1365180592462092000
1365180592662052000
1365180592862021000
1365180593061978000
1365180593261943000
1365180593461906000
1365180593661873000
1365180593861834000
1365180594061793000
1365180594261762000
1365180594461733000
1365180594661686000
1365180594861698000
1365180595061614000
1365180595261573000
1365180595461538000
1365180595661498000
1365180595861472000
1365180596061460000
1365180596261408000
1365180596461344000
1365180596661320000
1365180596861279000
1365180597061258000
1365180597261217000
1365180597461167000
1365180597661134000
1365180597861098000
1365180598061089000
1365180598261019000
1365180598461006000
1365180598660961000
1365180598860915000
1365180599060878000
1365180599260838000
1365180599460798000
1365180599660763000
1365180599860734000
1365180600060724000
1365180600260650000
1365180600460617000
1365180600660637000
1365180600860544000
1365180601060508000
1365180601260469000
1365180601460428000
1365180601660404000
1365180601860353000
1365180602060321000
1365180602260296000
1365180602460243000
1365180602660210000
1365180602860217000
1365180603060132000
1365180603260099000
1365180603460061000
1365180603660038000
1365180603859990000
1365180604059941000
1365180604259913000
1365180604459885000
1365180604659839000
1365180604859800000
1365180605059770000
1365180605259728000
1365180605459689000
1365180605659653000
1365180605859622000
1365180606059580000
1365180606259541000
1365180606459505000
1365180606659470000
1365180606859458000
1365180607059397000
1365180607259376000
1365180607459321000
1365180607659283000
1365180607859248000
1365180608059219000
1365180608259179000
1365180608459135000
1365180608659103000
1365180608859061000
1365180609059040000
1365180609258988000
1365180609458969000
1365180609658918000
1365180609858879000
1365180610058840000
1365180610258807000
1365180610458768000
1365180610658730000
1365180610858694000
1365180611058658000
1365180611258621000
1365180611458585000
1365180611658547000
1365180611858532000
1365180612058472000
1365180612258436000
1365180612458398000
1365180612658367000
1365180612858337000
1365180613058292000
1365180613258247000
1365180613458220000
1365180613658177000
1365180613858142000
1365180614058105000
1365180614258082000
1365180614458037000
1365180614657993000
1365180614857983000
1365180615057932000
1365180615257886000
1365180615457858000
1365180615657807000
1365180615857770000
1365180616057734000
1365180616257701000
1365180616457661000
1365180616657622000
1365180616857646000
1365180617057591000
1365180617257535000
1365180617457478000
1365180617657440000
1365180617857399000
1365180618057369000
1365180618257329000
1365180618457290000
1365180618657255000
1365180618857225000
1365180619057178000
1365180619257142000
1365180619457105000
1365180619657068000
1365180619857034000
1365180620056996000
1365180620256974000
1365180620457059000
1365180620656951000
1365180620856850000
1365180621056844000
1365180621256777000
1365180621456737000
1365180621656727000
1365180621856666000
1365180622056639000
1365180622256944000
1365180622456551000
1365180622656517000
1365180622856537000
1365180623056494000
1365180623256464000
1365180623456404000
1365180623656333000
1365180623856295000
1365180624056288000
1365180624256228000
1365180624456188000
1365180624656195000
1365180624856108000
1365180625056096000
1365180625256270000
1365180625456020000
1365180625655961000
1365180625855926000
1365180626055913000
1365180626255859000
1365180626455814000
1365180626655793000
1365180626855742000
1365180627055706000
1365180627255711000
1365180627455660000
1365180627655591000
1365180627855559000
1365180628055525000
1365180628255484000
1365180628455444000
1365180628655408000
1365180628855396000
1365180629055333000
1365180629255302000
1365180629455280000
1365180629655224000
1365180629855189000
1365180630055147000
1365180630255112000
1365180630455078000
1365180630655038000
1365180630855001000
1365180631054968000
1365180631254927000
1365180631454891000
1365180631654856000
1365180631854821000
1365180632054780000
1365180632254746000
1365180632454710000
1365180632654670000
1365180632854730000
1365180633054595000
1365180633254577000
1365180633454523000
1365180633654488000
1365180633854461000
1365180634054439000
1365180634254379000
1365180634454339000
1365180634654302000
1365180634854269000
1365180635054233000
1365180635254386000
1365180635454153000
1365180635654115000
1365180635854083000
1365180636054045000
1365180636254008000
1365180636453968000
1365180636653965000
1365180636853896000
1365180637053859000
1365180637253821000
1365180637453786000
1365180637653747000
1365180637853710000
1365180638053678000
1365180638253635000
1365180638453599000
1365180638653570000
1365180638853540000
1365180639053494000
1365180639253455000
1365180639453425000
1365180639653380000
1365180639853340000
1365180640053306000
1365180640253283000
1365180640453230000
1365180640653212000
1365180640853159000
1365180641053123000
1365180641253083000
1365180641453047000
1365180641653013000
1365180641852982000
1365180642052939000
1365180642252902000
1365180642452862000
1365180642652824000
1365180642852792000
1365180643052752000
1365180643252715000
1365180643452680000
1365180643652667000
1365180643852605000
1365180644052571000
1365180644252529000
1365180644452496000
1365180644652733000
1365180644852421000
1365180645052382000
1365180645252359000
1365180645452311000
1365180645652271000
1365180645852236000
1365180646052200000
1365180646252159000
1365180646452121000
1365180646652091000
1365180646852052000
1365180647052015000
1365180647252003000
1365180647451942000
1365180647651904000
1365180647851865000
1365180648051828000
1365180648251793000
1365180648451756000
1365180648651738000
1365180648851700000
1365180649051643000
1365180649251637000
1365180649451573000
1365180649651536000
1365180649851513000
1365180650051466000
1365180650251416000
1365180650451386000
1365180650651350000
1365180650851315000
1365180651051284000
1365180651251252000
1365180651451204000
1365180651651168000
1365180651851149000
1365180652051091000
1365180652251055000
1365180652451015000
1365180652650983000
1365180652850944000
1365180653050905000
1365180653250880000
1365180653450832000
1365180653650797000
1365180653850795000
1365180654050722000
1365180654250686000
1365180654450648000
1365180654650613000
1365180654850586000
1365180655050536000
1365180655250502000
1365180655450463000
1365180655650429000
1365180655850391000
1365180656050356000
1365180656250316000
1365180656450278000
1365180656650243000
1365180656850210000
1365180657050171000
1365180657250131000
1365180657450094000
1365180657650060000
1365180657850021000
1365180658049983000
1365180658249986000
1365180658449914000
1365180658649901000
1365180658849837000
1365180659049801000
1365180659249766000
1365180659449728000
1365180659649689000
1365180659849655000
1365180660049630000
1365180660249577000
1365180660449543000
1365180660649507000
1365180660849471000
1365180661049434000
1365180661249396000
1365180661449362000
1365180661649321000
1365180661849311000
1365180662049281000
1365180662249209000
1365180662449177000
1365180662649136000
1365180662849101000
1365180663049061000
1365180663249030000
1365180663448988000
1365180663648950000
1365180663848917000
1365180664048869000
1365180664248835000
1365180664448807000
1365180664648764000
1365180664848744000
1365180665048726000
1365180665248656000
1365180665448647000
1365180665648585000
1365180665848600000
1365180666048508000
1365180666248471000
1365180666448441000
1365180666648396000
1365180666848362000
1365180667048325000
1365180667248287000
1365180667448249000
1365180667648214000
1365180667848178000
1365180668048140000
1365180668248109000
1365180668448094000
1365180668648046000
1365180668847993000
1365180669047985000
1365180669247920000
1365180669447887000
1365180669647846000
1365180669847808000
1365180670047770000
1365180670247751000
1365180670447698000
1365180670647665000
1365180670847625000
1365180671047588000
1365180671247582000
1365180671447515000
1365180671647478000
1365180671847440000
1365180672047434000
1365180672247364000
1365180672447327000
1365180672647292000
1365180672847257000
1365180673047223000
1365180673247195000
1365180673447147000
1365180673647106000
1365180673847073000
1365180674047034000
1365180674246998000
1365180674446963000
1365180674647196000
1365180674846910000
1365180675046850000
1365180675246811000
1365180675446775000
1365180675646774000
1365180675846705000
1365180676046669000
1365180676246635000
1365180676446609000
1365180676646556000
1365180676846521000
1365180677046480000
1365180677246443000
1365180677446406000
1365180677646377000
1365180677846336000
1365180678046295000
1365180678246259000
1365180678446236000
1365180678646187000
1365180678846147000
1365180679046113000
1365180679246434000
1365180679446036000
1365180679646003000
1365180679845969000
1365180680045961000
1365180680245882000
1365180680445853000
1365180680645824000
1365180680845815000
1365180681045778000
1365180681245705000
1365180681445693000
1365180681645632000
1365180681845594000
1365180682045568000
1365180682245525000
1365180682445485000
1365180682645448000
1365180682845410000
1365180683045376000
1365180683245341000
1365180683445315000
1365180683645263000
1365180683845226000
1365180684045188000
1365180684245154000
1365180684445114000
1365180684645078000
1365180684845041000
1365180685044996000
1365180685244974000
1365180685444948000
1365180685644896000
1365180685844860000
1365180686044823000
1365180686244783000
1365180686444748000
1365180686644710000
1365180686844675000
1365180687044640000
1365180687244598000
1365180687444562000
1365180687644529000
1365180687844493000
1365180688044451000
1365180688244445000
1365180688444384000
1365180688644343000
1365180688844325000
1365180689044267000
1365180689244229000
1365180689444205000
1365180689644156000
1365180689844118000
1365180690044086000
1365180690244045000
1365180690444036000
1365180690643973000
1365180690843937000
1365180691043903000
1365180691243864000
1365180691443827000
1365180691643785000
1365180691843753000
1365180692043716000
1365180692243691000
1365180692443640000
1365180692643605000
1365180692843568000
1365180693043530000
1365180693243492000
1365180693443456000
1365180693643419000
1365180693843389000
1365180694043354000
1365180694243309000
1365180694443274000
1365180694643239000
1365180694843214000
1365180695043151000
1365180695243125000
1365180695443089000
1365180695643051000
1365180695843012000
1365180696042978000
1365180696242941000
1365180696442903000
1365180696642864000
1365180696842828000
1365180697042792000
1365180697242758000
1365180697442718000
1365180697642685000
1365180697842647000
1365180698042609000
1365180698242588000
1365180698442538000
1365180698642499000
1365180698842466000
1365180699042423000
1365180699242411000
1365180699442348000
1365180699642313000
1365180699842784000
1365180700042229000
1365180700242220000
1365180700442170000
1365180700642307000
1365180700842093000
1365180701042080000
1365180701242020000
1365180701441993000
1365180701641942000
1365180701841910000
1365180702041887000
1365180702241837000
1365180702441795000
1365180702641770000
1365180702841725000
1365180703041683000
1365180703241647000
1365180703441614000
1365180703641574000
1365180703841542000
1365180704041506000
1365180704241475000
1365180704441430000
1365180704641391000
1365180704841355000
1365180705041316000
1365180705241282000
1365180705441242000
1365180705641206000
1365180705841169000
1365180706041156000
1365180706241096000
1365180706441059000
1365180706641019000
1365180706840985000
1365180707040948000
1365180707240928000
1365180707440876000
1365180707640842000
1365180707840802000
1365180708040777000
1365180708240728000
1365180708440705000
1365180708640654000
1365180708840616000
1365180709040579000
1365180709240570000
1365180709440519000
1365180709640469000
1365180709840434000
1365180710040605000
1365180710240361000
1365180710440321000
1365180710640287000
1365180710840250000
1365180711040212000
1365180711240178000
1365180711440137000
1365180711640148000
1365180711840066000
1365180712040073000
1365180712239988000
1365180712439955000
1365180712639919000
1365180712839880000
1365180713039843000
1365180713239798000
1365180713439766000
1365180713639730000
1365180713839695000
1365180714039661000
1365180714239619000
1365180714439613000
1365180714639549000
1365180714839512000
1365180715039473000
1365180715239437000
1365180715439439000
1365180715639364000
1365180715839326000
1365180716039289000
1365180716239251000
1365180716439226000
1365180716639177000
1365180716839140000
1365180717039096000
1365180717239065000
1365180717439034000
1365180717639012000
1365180717838983000
1365180718038923000
1365180718238882000
1365180718438849000
1365180718638809000
1365180718838771000
1365180719038738000
1365180719238696000
1365180719438660000
1365180719638629000
1365180719838601000
1365180720038556000
1365180720238515000
1365180720438478000
1365180720638444000
1365180720838405000
1365180721038394000
1365180721238330000
1365180721438296000
1365180721638258000
1365180721838249000
1365180722038183000
1365180722238144000
1365180722438108000
1365180722638109000
1365180722838035000
1365180723038014000
1365180723237961000
1365180723437940000
1365180723637887000
1365180723837869000
1365180724037813000
1365180724237792000
1365180724437796000
1365180724637701000
1365180724837669000
1365180725037629000
1365180725237594000
1365180725437546000
1365180725637521000
1365180725837483000
1365180726037446000
1365180726237408000
1365180726437372000
1365180726637336000
1365180726837296000
1365180727037280000
1365180727237226000
1365180727437186000
1365180727637176000
1365180727837125000
1365180728037080000
1365180728237039000
1365180728437004000
1365180728636982000
1365180728836992000
1365180729036895000
1365180729236855000
1365180729436819000
1365180729636834000
1365180729836748000
1365180730036715000
1365180730236670000
1365180730436632000
1365180730636597000
1365180730836559000
1365180731036523000
1365180731236479000
1365180731436479000
1365180731636428000
1365180731836377000
1365180732036338000
1365180732236302000
1365180732436266000
1365180732636228000
1365180732836189000
1365180733036154000
1365180733236117000
1365180733436108000
1365180733636046000
1365180733836005000
1365180734035971000
1365180734235948000
1365180734435899000
1365180734635915000
1365180734835844000
1365180735035786000
1365180735235749000
1365180735435710000
1365180735635674000
1365180735835638000
1365180736035600000
1365180736235562000
1365180736435548000
1365180736635488000
1365180736835451000
1365180737035419000
1365180737235395000
1365180737435343000
1365180737635310000
1365180737835269000
1365180738035254000
1365180738235194000
1365180738435160000
1365180738635120000
1365180738835084000
1365180739035046000
1365180739235032000
1365180739434973000
1365180739634938000
1365180739834903000
1365180740034854000
1365180740234825000
1365180740434790000
1365180740634753000
1365180740834722000
1365180741034676000
1365180741234640000
1365180741434631000
1365180741634571000
1365180741834531000
1365180742034496000
1365180742234486000
1365180742434432000
1365180742634383000
1365180742834349000
1365180743034322000
1365180743234272000
1365180743434236000
1365180743634199000
1365180743834330000
1365180744034128000
1365180744234110000
1365180744434052000
1365180744634019000
1365180744833991000
1365180745033946000
1365180745233915000
1365180745433868000
1365180745633830000
1365180745833795000
1365180746033754000
1365180746233721000
1365180746433685000
1365180746633650000
1365180746833611000
1365180747033572000
1365180747233533000
1365180747433503000
1365180747633462000
1365180747833425000
1365180748033386000
1365180748233351000
1365180748433304000
1365180748633290000
1365180748833241000
1365180749033204000
1365180749233168000
1365180749433143000
1365180749633093000
1365180749833062000
1365180750033028000
1365180750232997000
1365180750432946000
1365180750632908000
1365180750832872000
1365180751032829000
1365180751232797000
1365180751432762000
1365180751632728000
1365180751832686000
1365180752032670000
1365180752232613000
1365180752432576000
1365180752632540000
1365180752832516000
1365180753032469000
1365180753232427000
1365180753432394000
1365180753632369000
1365180753832322000
1365180754032304000
1365180754232245000
1365180754432215000
1365180754632207000
1365180754832133000
1365180755032097000
1365180755232071000
1365180755432022000
1365180755631985000
1365180755831951000
1365180756031940000
1365180756232219000
1365180756431842000
1365180756631802000
1365180756831770000
1365180757031736000
1365180757231690000
1365180757431658000
1365180757631616000
1365180757831583000
1365180758031553000
1365180758231498000
1365180758431471000
1365180758631461000
1365180758831395000
1365180759031359000
1365180759231348000
1365180759431286000
1365180759631251000
1365180759831211000
1365180760031173000
1365180760231139000
1365180760431103000
1365180760631064000
1365180760831032000
1365180761030991000
1365180761230952000
1365180761430920000
1365180761630881000
1365180761830844000
1365180762030809000
1365180762230776000
1365180762430736000
1365180762630697000
1365180762830660000
1365180763030626000
1365180763230587000
1365180763430548000
1365180763630532000
1365180763830474000
1365180764030443000
1365180764230403000
1365180764430365000
1365180764630328000
1365180764830293000
1365180765030254000
1365180765230215000
1365180765430179000
1365180765630144000
1365180765830108000
1365180766030070000
1365180766230031000
1365180766429996000
1365180766629960000
1365180766829926000
1365180767029883000
1365180767229848000
1365180767429811000
1365180767629775000
1365180767829735000
1365180768029702000
1365180768229667000
1365180768429627000
1365180768629593000
1365180768829554000
1365180769029519000
1365180769229478000
1365180769429441000
1365180769629405000
1365180769829370000
1365180770029331000
1365180770229296000
1365180770429261000
1365180770629221000
1365180770829187000
1365180771029147000
1365180771229111000
1365180771429111000
1365180771629036000
1365180771829027000
1365180772028953000
1365180772228925000
1365180772428889000
1365180772628854000
1365180772828818000
1365180773028798000
1365180773228755000
1365180773428705000
1365180773628716000
1365180773828663000
1365180774028595000
1365180774228585000
1365180774428512000
1365180774628485000
1365180774828465000
1365180775028411000
1365180775228377000
1365180775428337000
1365180775628297000
1365180775828265000
1365180776028227000
1365180776228189000
1365180776428154000
1365180776628132000
1365180776828700000
1365180777028057000
1365180777228004000
1365180777427967000
1365180777627928000
1365180777827894000
1365180778027859000
1365180778227820000
1365180778427795000
1365180778627748000
1365180778827710000
1365180779027691000
1365180779227635000
1365180779427598000
1365180779627563000
1365180779827528000
1365180780027487000
1365180780227603000
1365180780427416000
1365180780627377000
1365180780827341000
1365180781027312000
1365180781227273000
1365180781427232000
1365180781627199000
1365180781827159000
1365180782027123000
1365180782227087000
1365180782427051000
1365180782627065000
1365180782827064000
1365180783026967000
1365180783226902000
1365180783426893000
1365180783626827000
1365180783826791000
1365180784027417000
1365180784226713000
1365180784426693000
1365180784626712000
1365180784826608000
1365180785026585000
1365180785226529000
1365180785426493000
1365180785626489000
1365180785826419000
1365180786026387000
1365180786226370000
1365180786426328000
1365180786626303000
1365180786826257000
1365180787026244000
1365180787226160000
1365180787426126000
1365180787626088000
1365180787826050000
1365180788026015000
1365180788225998000
1365180788425998000
1365180788625902000
1365180788825871000
1365180789025832000
1365180789225790000
1365180789425761000
1365180789625741000
1365180789825685000
1365180790025645000
1365180790225610000
1365180790425564000
1365180790625582000
1365180790825495000
1365180791025454000
1365180791225422000
1365180791425386000
1365180791625350000
1365180791825352000
1365180792025275000
1365180792225239000
1365180792425202000
1365180792625183000
1365180792825130000
1365180793025094000
1365180793225057000
1365180793425047000
1365180793625015000
1365180793824946000
1365180794024914000
1365180794224874000
1365180794424838000
1365180794624796000
1365180794824761000
1365180795024723000
1365180795224689000
1365180795424652000
1365180795624616000
1365180795824577000
1365180796024531000
1365180796224510000
1365180796424467000
1365180796624432000
1365180796824394000
1365180797024346000
1365180797224318000
1365180797424281000
1365180797624248000
1365180797824209000
1365180798024222000
1365180798224135000
1365180798424095000
1365180798624059000
1365180798824038000
1365180799023991000
1365180799223953000
1365180799423917000
1365180799623881000
1365180799823841000
1365180800023836000
1365180800223769000
1365180800423730000
1365180800623690000
1365180800823845000
1365180801023618000
1365180801223584000
1365180801423556000
1365180801623507000
1365180801823481000
1365180802023449000
1365180802223400000
1365180802423359000
1365180802623322000
1365180802823286000
1365180803023250000
1365180803223212000
1365180803423175000
1365180803623137000
1365180803823102000
1365180804023058000
1365180804223026000
1365180804423001000
1365180804622956000
1365180804822919000
1365180805022879000
1365180805222846000
1365180805422810000
1365180805622773000
1365180805822734000
1365180806022697000
1365180806222658000
1365180806422624000
1365180806622600000
1365180806822551000
1365180807022511000
1365180807222476000
1365180807422440000
1365180807622398000
1365180807822365000
1365180808022321000
1365180808222293000
1365180808422258000
1365180808622217000
1365180808822183000
1365180809022144000
1365180809222106000
1365180809422071000
1365180809622033000
1365180809822018000
1365180810021975000
1365180810221922000
1365180810421887000
1365180810621851000
1365180810821865000
1365180811021774000
1365180811221806000
1365180811421701000
1365180811621674000
1365180811821631000
1365180812021646000
1365180812221554000
1365180812421521000
1365180812621510000
1365180812821444000
1365180813021410000
1365180813221368000
1365180813421332000
1365180813621297000
1365180813821258000
1365180814021222000
1365180814221185000
1365180814421146000
1365180814621109000
1365180814821074000
1365180815021037000
1365180815221002000
1365180815420965000
1365180815620926000
1365180815820887000
1365180816020853000
1365180816220817000
1365180816420777000
1365180816620740000
1365180816820707000
1365180817020667000
1365180817220630000
1365180817420593000
1365180817620559000
1365180817820519000
1365180818020481000
1365180818220451000
1365180818420411000
1365180818620374000
1365180818820342000
1365180819020302000
1365180819220264000
1365180819420223000
1365180819620186000
1365180819820152000
1365180820020115000
1365180820220081000
1365180820420040000
1365180820620004000
1365180820819960000
1365180821019930000
1365180821219897000
1365180821419857000
1365180821619825000
1365180821819801000
1365180822019764000
1365180822219711000
1365180822419674000
1365180822619635000
1365180822820022000
1365180823019561000
1365180823219527000
1365180823419504000
1365180823619460000
1365180823819458000
1365180824019381000
1365180824219338000
1365180824419305000
1365180824619269000
1365180824819257000
1365180825019217000
1365180825219159000
1365180825419115000
1365180825619084000
1365180825819072000
1365180826019011000
1365180826218978000
1365180826418935000
1365180826618901000
1365180826818862000
1365180827018816000
1365180827218787000
1365180827418753000
1365180827618713000
1365180827818677000
1365180828018635000
1365180828218606000
1365180828418569000
1365180828618528000
1365180828818495000
1365180829018495000
1365180829218419000
1365180829418385000
1365180829618347000
1365180829818308000
1365180830018266000
1365180830218270000
1365180830418196000
1365180830618164000
1365180830818124000
1365180831018090000
1365180831218055000
1365180831418014000
1365180831618001000
1365180831817938000
1365180832017897000
1365180832217907000
1365180832417828000
1365180832617795000
1365180832817767000
1365180833017720000
1365180833217696000
1365180833417645000
1365180833617608000
1365180833817570000
1365180834017523000
1365180834217501000
1365180834417460000
1365180834617424000
1365180834817464000
1365180835017353000
1365180835217305000
1365180835417279000
1365180835617240000
1365180835817199000
1365180836017156000
1365180836217177000
1365180836417121000
1365180836617052000
1365180836817021000
1365180837016981000
1365180837216948000
1365180837416911000
1365180837616872000
1365180837816833000
1365180838016796000
1365180838216763000
1365180838416726000
1365180838616751000
1365180838816647000
1365180839016616000
1365180839216576000
1365180839416540000
1365180839616650000
1365180839816576000
1365180840016480000
1365180840216392000
1365180840416354000
1365180840616318000
1365180840816299000
1365180841016246000
1365180841216207000
1365180841416198000
1365180841616132000
1365180841816095000
1365180842016071000
1365180842216022000
1365180842416286000
1365180842615969000
1365180842815907000
1365180843015874000
1365180843215855000
1365180843415801000
1365180843615783000
1365180843815730000
1365180844015865000
1365180844215652000
1365180844415615000
1365180844615860000
1365180844815542000
1365180845015495000
1365180845215468000
1365180845415436000
1365180845615394000
1365180845815360000
1365180846015323000
1365180846215297000
1365180846415244000
1365180846615210000
1365180846815192000
1365180847015128000
1365180847215100000
1365180847415079000
1365180847615028000
1365180847815001000
1365180848014951000
1365180848214917000
1365180848414878000
1365180848614841000
1365180848814803000
1365180849014771000
1365180849214728000
1365180849414692000
1365180849614657000
1365180849814618000
1365180850014583000
1365180850214546000
1365180850414509000
1365180850614501000
1365180850814433000
1365180851014394000
1365180851214366000
1365180851414324000
1365180851615542000
1365180851814272000
1365180852014204000
1365180852214175000
1365180852414141000
1365180852614103000
1365180852814067000
1365180853014021000
1365180853213997000
1365180853414026000
1365180853613919000
1365180853813882000
1365180854013845000
1365180854213806000
1365180854413789000
1365180854613751000
1365180854813698000
1365180855013662000
1365180855213624000
1365180855413587000
1365180855613552000
1365180855813536000
1365180856013478000
1365180856213443000
1365180856413405000
1365180856613366000
1365180856813328000
1365180857013293000
1365180857213256000
1365180857413221000
1365180857613180000
1365180857813145000
1365180858013097000
1365180858213073000
1365180858413035000
1365180858612999000
1365180858812960000
1365180859012922000
1365180859212889000
1365180859412852000
1365180859612813000
1365180859812778000
1365180860012743000
1365180860212705000
1365180860412670000
1365180860612626000
1365180860812590000
1365180861012545000
1365180861212520000
1365180861412478000
1365180861612445000
1365180861812413000
1365180862012368000
1365180862212332000
1365180862412343000
1365180862612257000
1365180862812223000
1365180863012183000
1365180863212147000
1365180863412112000
1365180863612078000
1365180863812054000
1365180864012001000
1365180864211965000
1365180864411955000
1365180864611891000
1365180864811854000
1365180865011817000
1365180865211780000
1365180865411755000
1365180865611706000
1365180865811667000
1365180866011626000
1365180866211597000
1365180866411560000
1365180866611521000
1365180866811484000
1365180867011444000
1365180867211443000
1365180867411373000
1365180867611333000
1365180867811299000
1365180868011254000
1365180868211224000
1365180868411190000
1365180868611150000
1365180868811114000
1365180869011091000
1365180869211041000
1365180869411004000
1365180869610975000
1365180869810933000
1365180870010887000
1365180870210856000
1365180870410820000
1365180870610787000
1365180870810744000
1365180871010727000
1365180871210672000
1365180871410636000
1365180871610597000
1365180871810560000
1365180872010518000
1365180872210478000
1365180872410453000
1365180872610414000
1365180872810382000
1365180873010332000
1365180873210302000
1365180873410277000
1365180873610250000
1365180873810194000
1365180874010167000
1365180874210119000
1365180874410083000
1365180874610043000
1365180874810015000
1365180875009970000
1365180875209934000
1365180875409897000
1365180875609874000
1365180875809842000
1365180876009779000
1365180876209749000
1365180876409713000
1365180876609678000
1365180876809639000
1365180877009595000
1365180877209572000
1365180877409528000
1365180877609495000
1365180877809464000
1365180878009413000
1365180878209397000
1365180878409347000
1365180878609306000
1365180878809270000
1365180879009232000
1365180879209195000
1365180879409159000
1365180879609124000
1365180879809077000
1365180880009049000
1365180880209014000
1365180880408976000
1365180880608939000
1365180880808906000
1365180881008856000
1365180881208845000
1365180881408791000
1365180881608754000
1365180881808718000
1365180882008673000
1365180882208673000
1365180882408607000
1365180882608571000
1365180882808552000
1365180883008490000
1365180883208459000
1365180883408422000
1365180883608388000
1365180883808353000
1365180884008312000
1365180884208582000
1365180884408256000
1365180884608200000
1365180884808165000
1365180885008117000
1365180885208103000
1365180885408053000
1365180885608033000
1365180885807981000
1365180886007933000
1365180886207907000
1365180886407872000
1365180886608110000
1365180886807796000
1365180887007754000
1365180887207725000
1365180887407766000
1365180887607648000
1365180887807614000
1365180888007575000
1365180888208076000
1365180888407501000
1365180888607463000
1365180888807426000
1365180889007381000
1365180889207351000
1365180889407359000
1365180889607283000
1365180889807259000
1365180890007197000
1365180890207170000
1365180890407131000
1365180890607120000
1365180890807056000
1365180891007021000
1365180891206981000
1365180891406974000
1365180891606912000
1365180891806871000
1365180892006839000
1365180892206802000
1365180892406762000
1365180892606725000
1365180892806691000
1365180893006647000
1365180893206616000
1365180893406627000
1365180893606540000
1365180893806506000
1365180894006493000
1365180894206428000
1365180894406398000
1365180894606356000
1365180894806318000
1365180895006286000
1365180895206309000
1365180895406218000
1365180895606183000
1365180895806138000
1365180896006100000
1365180896206064000
1365180896406074000
1365180896605986000
1365180896805951000
1365180897005905000
1365180897205886000
1365180897405842000
1365180897605802000
1365180897805782000
1365180898005729000
1365180898205723000
1365180898405660000
1365180898605618000
1365180898805585000
1365180899005545000
1365180899205535000
1365180899405475000
1365180899605434000
1365180899805399000
1365180900005358000
1365180900205336000
1365180900405285000
1365180900605251000
1365180900805211000
1365180901005167000
1365180901205164000
1365180901405101000
1365180901605064000
1365180901805093000
1365180902004988000
1365180902204956000
1365180902404919000
1365180902604889000
1365180902804847000
1365180903004813000
1365180903204773000
1365180903404732000
1365180903604699000
1365180903804660000
1365180904004612000
1365180904204586000
1365180904404552000
1365180904604632000
1365180904804475000
1365180905004430000
1365180905204402000
1365180905404363000
1365180905604322000
1365180905804297000
1365180906004256000
1365180906204214000
1365180906404184000
1365180906604142000
1365180906804108000
1365180907004069000
1365180907204043000
1365180907403996000
1365180907603960000
1365180907803916000
1365180908003888000
1365180908203852000
1365180908403816000
1365180908603772000
1365180908803742000
1365180909003699000
1365180909203663000
1365180909403630000
1365180909603607000
1365180909803558000
1365180910003507000
1365180910203477000
1365180910403445000
1365180910603421000
1365180910803369000
1365180911003333000
1365180911203295000
1365180911403260000
1365180911603223000
1365180911803211000
1365180912003146000
1365180912203110000
1365180912403073000
1365180912603038000
1365180912803000000
1365180913002955000
1365180913202929000
1365180913402888000
1365180913602855000
1365180913802816000
1365180914002782000
1365180914202744000
1365180914402697000
1365180914602665000
1365180914802630000
1365180915002581000
1365180915202555000
1365180915402518000
1365180915602505000
1365180915802446000
1365180916002414000
1365180916202374000
1365180916402339000
1365180916602308000
1365180916802261000
1365180917002230000
1365180917202188000
1365180917402167000
1365180917602112000
1365180917802077000
1365180918002031000
1365180918201997000
1365180918401964000
1365180918601929000
1365180918801898000
1365180919001856000
1365180919201824000
1365180919401781000
1365180919601745000
1365180919801711000
1365180920001673000
1365180920201640000
1365180920401598000
1365180920601562000
1365180920801523000
1365180921001479000
1365180921201451000
1365180921401419000
1365180921601419000
1365180921801355000
1365180922001294000
1365180922201281000
1365180922401229000
1365180922601194000
1365180922801170000
1365180923001111000
1365180923201081000
1365180923401047000
1365180923601010000
1365180923800982000
1365180924000933000
1365180924200896000
1365180924400874000
1365180924600824000
1365180924800788000
1365180925000755000
1365180925200709000
1365180925400676000
1365180925600649000
1365180925800601000
1365180926000580000
1365180926200526000
1365180926400492000
1365180926600454000
1365180926800439000
1365180927000374000
1365180927200362000
1365180927400307000
1365180927600271000
1365180927800234000
1365180928000186000
1365180928200159000
1365180928400119000
1365180928600088000
1365180928800047000
1365180929000004000
1365180929199973000
1365180929399938000
1365180929599899000
1365180929799862000
1365180929999826000
1365180930199794000
1365180930399767000
1365180930599717000
1365180930799850000
1365180930999643000
1365180931199605000
1365180931399583000
1365180931599532000
1365180931799497000
1365180931999449000
1365180932199421000
1365180932399386000
1365180932599346000
1365180932799363000
1365180932999266000
1365180933199249000
1365180933399204000
1365180933599162000
1365180933799132000
1365180933999084000
1365180934199054000
1365180934399018000
1365180934598979000
1365180934798943000
1365180934998921000
1365180935198874000
1365180935398832000
1365180935598797000
1365180935798758000
1365180935998716000
1365180936198682000
1365180936398648000
1365180936598615000
1365180936798573000
1365180936998537000
1365180937198522000
1365180937398464000
1365180937598428000
1365180937798392000
1365180937998361000
1365180938198317000
1365180938398311000
1365180938598244000
1365180938798206000
1365180938998172000
1365180939198132000
1365180939398107000
1365180939598056000
1365180939798019000
1365180939997979000
1365180940197946000
1365180940397910000
1365180940597873000
1365180940797849000
1365180940997795000
1365180941197760000
1365180941397737000
1365180941597691000
1365180941797664000
1365180941997607000
1365180942197578000
1365180942397542000
1365180942597522000
1365180942797482000
1365180942997421000
1365180943197394000
1365180943397378000
1365180943597322000
1365180943797289000
1365180943997260000
1365180944197210000
1365180944397174000
1365180944597138000
1365180944797102000
1365180944997328000
1365180945197025000
1365180945396990000
1365180945596949000
1365180945796914000
1365180945996878000
1365180946196840000
1365180946396804000
1365180946596769000
1365180946796734000
1365180946996688000
1365180947196685000
1365180947396618000
1365180947596589000
1365180947796548000
1365180947996507000
1365180948196472000
1365180948396433000
1365180948596418000
1365180948796377000
1365180948996317000
1365180949196289000
1365180949396246000
1365180949596233000
1365180949796223000
1365180949996133000
1365180950196108000
1365180950396182000
1365180950596032000
1365180950795993000
1365180950995948000
1365180951195949000
1365180951395883000
1365180951595915000
1365180951795838000
1365180951995760000
1365180952195738000
1365180952395696000
1365180952595660000
1365180952795668000
1365180952995628000
1365180953195543000
1365180953395514000
1365180953595476000
1365180953795443000
1365180953995403000
1365180954195365000
1365180954395328000
1365180954595330000
1365180954795256000
1365180954995258000
1365180955195185000
1365180955395144000
1365180955595111000
1365180955795070000
1365180955995035000
1365180956194996000
1365180956394964000
1365180956594923000
1365180956794887000
1365180956994863000
1365180957194812000
1365180957394777000
1365180957594737000
1365180957794718000
1365180957994668000
1365180958194631000
1365180958394621000
1365180958594554000
1365180958794521000
1365180958994488000
1365180959194443000
1365180959394407000
1365180959594369000
1365180959794334000
1365180959994291000
1365180960194263000
1365180960394222000
1365180960594185000
1365180960794152000
1365180960994103000
1365180961194073000
1365180961394038000
1365180961594031000
1365180961793974000
1365180961993933000
1365180962193910000
1365180962393855000
1365180962593818000
1365180962793780000
1365180962993744000
1365180963193708000
1365180963393729000
1365180963593636000
1365180963793605000
1365180963993551000
1365180964193522000
1365180964393495000
1365180964593469000
1365180964793423000
1365180964993381000
1365180965193351000
1365180965393302000
1365180965593263000
1365180965793227000
1365180965993193000
1365180966193157000
1365180966393131000
1365180966593091000
1365180966793042000
1365180966992997000
1365180967192974000
1365180967392933000
1365180967592897000
1365180967792857000
1365180967992815000
1365180968192786000
1365180968392758000
1365180968592718000
1365180968792676000
1365180968992653000
1365180969192601000
1365180969392568000
1365180969592530000
1365180969792490000
1365180969992450000
1365180970192441000
1365180970392379000
1365180970592349000
1365180970792311000
1365180970992268000
1365180971192230000
1365180971392206000
1365180971592158000
1365180971792121000
1365180971992087000
1365180972192070000
1365180972392012000
1365180972591984000
1365180972791938000
1365180972991892000
1365180973191866000
1365180973391842000
1365180973591792000
1365180973791754000
1365180973991716000
1365180974191682000
1365180974391646000
1365180974591609000
1365180974791570000
1365180974991566000
1365180975191494000
1365180975391463000
1365180975591421000
1365180975791386000
1365180975991340000
1365180976191310000
1365180976391277000
1365180976591239000
1365180976791203000
1365180976991155000
1365180977191125000
1365180977391120000
1365180977591052000
1365180977791049000
1365180977990991000
1365180978190959000
1365180978390903000
1365180978590872000
1365180978790833000
1365180978990793000
1365180979190758000
1365180979390754000
1365180979590687000
1365180979790651000
1365180979990613000
1365180980190577000
1365180980390549000
1365180980590500000
1365180980790462000
1365180980990427000
1365180981190388000
1365180981390356000
1365180981590317000
1365180981790278000
1365180981990250000
1365180982190206000
1365180982390178000
1365180982590139000
1365180982790093000
1365180982990063000
1365180983190025000
1365180983389984000
1365180983589953000
1365180983789913000
1365180983989867000
1365180984189838000
1365180984389799000
1365180984589764000
1365180984789731000
1365180984989682000
1365180985189654000
1365180985389617000
1365180985589579000
1365180985789545000
1365180985989508000
1365180986189467000
1365180986389433000
1365180986589398000
1365180986789363000
1365180986989323000
1365180987189319000
1365180987389246000
1365180987589212000
1365180987789173000
1365180987989139000
1365180988189101000
1365180988389063000
1365180988589130000
1365180988788990000
1365180988988950000
1365180989188916000
1365180989388982000
1365180989588843000
1365180989788809000
1365180989988771000
1365180990188736000
1365180990388734000
1365180990588657000
1365180990788624000
1365180990988590000
1365180991188541000
1365180991388517000
1365180991588475000
1365180991788428000
1365180991988401000
1365180992188368000
1365180992388328000
1365180992588331000
1365180992788247000
1365180992988215000
1365180993188180000
1365180993388134000
1365180993588106000
1365180993788071000
1365180993988023000
1365180994187995000
1365180994387971000
1365180994587923000
1365180994787885000
1365180994987842000
1365180995187813000
1365180995387774000
1365180995587769000
1365180995787700000
1365180995987654000
1365180996187627000
1365180996387588000
1365180996587553000
1365180996787522000
1365180996987494000
1365180997187453000
1365180997387419000
1365180997587381000
1365180997787337000
1365180997987288000
1365180998187260000
1365180998387223000
1365180998587412000
1365180998787170000
1365180998987114000
1365180999187073000
1365180999387583000
1365180999587037000
1365180999786970000
1365180999986921000
1365181000186892000
1365181000386855000
1365181000586820000
1365181000786786000
1365181000986751000
1365181001186714000
1365181001386672000
1365181001586633000
1365181001786599000
1365181001986562000
1365181002186532000
1365181002386485000
1365181002586450000
1365181002786414000
1365181002986366000
1365181003186337000
1365181003386304000
1365181003586280000
1365181003786226000
1365181003986184000
1365181004186155000
1365181004386237000
1365181004586083000
1365181004786045000
1365181004986005000
1365181005185973000
1365181005385953000
1365181005585896000
1365181005785892000
1365181005985812000
1365181006185787000
1365181006385769000
1365181006585737000
1365181006785756000
1365181006985642000
1365181007185600000
1365181007385726000
1365181007585528000
1365181007785485000
1365181007985449000
1365181008185418000
1365181008385384000
1365181008585349000
1365181008785309000
1365181008985263000
1365181009185237000
1365181009385199000
1365181009585159000
1365181009785126000
1365181009985081000
1365181010185049000
1365181010385020000
1365181010584977000
1365181010784942000
1365181010984905000
1365181011184866000
1365181011384833000
1365181011584795000
1365181011784760000
1365181011984710000
1365181012184683000
1365181012384651000
1365181012584608000
1365181012784574000
1365181012984536000
1365181013184500000
1365181013384465000
1365181013584428000
1365181013784404000
1365181013984355000
1365181014184315000
1365181014384281000
1365181014584245000
1365181014784204000
1365181014984166000
1365181015184149000
1365181015384093000
1365181015584056000
1365181015784024000
1365181015983978000
1365181016183948000
1365181016383915000
1365181016583908000
1365181016783840000
1365181016983797000
1365181017183753000
1365181017383727000
1365181017583701000
1365181017783652000
1365181017983620000
1365181018183578000
1365181018383542000
1365181018583511000
1365181018783471000
1365181018983422000
1365181019183396000
1365181019383359000
1365181019583320000
1365181019783283000
1365181019983247000
1365181020183210000
1365181020383178000
1365181020583140000
1365181020783106000
1365181020983054000
1365181021183246000
1365181021382994000
1365181021582956000
1365181021782917000
1365181021982872000
1365181022182844000
1365181022382811000
1365181022582769000
1365181022782732000
1365181022982696000
1365181023182676000
1365181023382623000
1365181023582585000
1365181023782552000
1365181023982514000
1365181024182480000
1365181024382436000
1365181024582403000
1365181024782371000
1365181024982318000
1365181025182330000
1365181025382255000
1365181025582272000
1365181025782183000
1365181025982139000
1365181026182111000
1365181026382073000
1365181026582033000
1365181026782001000
1365181026981951000
1365181027181925000
1365181027381879000
1365181027581863000
1365181027781812000
1365181027981769000
1365181028181742000
1365181028381722000
1365181028581669000
1365181028781663000
1365181028981598000
1365181029181557000
1365181029381520000
1365181029581481000
1365181029781447000
1365181029981411000
1365181030181374000
1365181030381352000
1365181030581301000
1365181030781263000
1365181030981216000
1365181031181194000
1365181031381151000
1365181031581122000
1365181031781079000
1365181031981047000
1365181032181005000
1365181032380981000
1365181032581344000
1365181032780898000
1365181032980853000
1365181033180822000
1365181033380793000
1365181033580746000
1365181033780711000
1365181033980664000
1365181034180652000
1365181034380602000
1365181034580565000
1365181034780529000
1365181034980481000
1365181035180451000
1365181035380417000
1365181035580381000
1365181035780343000
1365181035980308000
1365181036180271000
1365181036380233000
1365181036580196000
1365181036780160000
1365181036980124000
1365181037180088000
1365181037380052000
1365181037580039000
1365181037780317000
1365181037979941000
1365181038179902000
1365181038379865000
1365181038579831000
1365181038779795000
1365181038979756000
1365181039179718000
1365181039379682000
1365181039579664000
1365181039779607000
1365181039979573000
1365181040179578000
1365181040379504000
1365181040579460000
1365181040779432000
1365181040979376000
1365181041179351000
1365181041379325000
1365181041579299000
1365181041779238000
1365181041979202000
1365181042179168000
1365181042379144000
1365181042579093000
1365181042779055000
1365181042979011000
1365181043178984000
1365181043378964000
1365181043578908000
1365181043778871000
1365181043978827000
1365181044178801000
1365181044378764000
1365181044578725000
1365181044778690000
1365181044978654000
1365181045178614000
1365181045378590000
1365181045578554000
1365181045778503000
1365181045978468000
1365181046178432000
1365181046378397000
1365181046578382000
1365181046778350000
1365181046978276000
1365181047178249000
1365181047378214000
1365181047578178000
1365181047778135000
1365181047978097000
1365181048178064000
1365181048378026000
1365181048577989000
1365181048777968000
1365181048977908000
1365181049177882000
1365181049377842000
1365181049577808000
1365181049777772000
1365181049977732000
1365181050177711000
1365181050377670000
1365181050577625000
1365181050777602000
1365181050977540000
1365181051177546000
1365181051377477000
1365181051577448000
1365181051777402000
1365181051977358000
1365181052177329000
1365181052377281000
1365181052577255000
1365181052777217000
1365181052977173000
1365181053177149000
1365181053377107000
1365181053577071000
1365181053777072000
1365181053976990000
1365181054176963000
1365181054376924000
1365181054576889000
1365181054776873000
1365181054976806000
1365181055176781000
1365181055376742000
1365181055576705000
1365181055776666000
1365181055976624000
1365181056176598000
1365181056376571000
1365181056576522000
1365181056776499000
1365181056976442000
1365181057176412000
1365181057376389000
1365181057576336000
1365181057776328000
1365181057976261000
1365181058176239000
1365181058376193000
1365181058576180000
1365181058776118000
1365181058976084000
1365181059176168000
1365181059376013000
1365181059575999000
1365181059775934000
1365181059975889000
1365181060175861000
1365181060376166000
1365181060575785000
1365181060775751000
1365181060975861000
1365181061175697000
1365181061375652000
1365181061575618000
1365181061775569000
1365181061975520000
1365181062175483000
1365181062375467000
1365181062575418000
1365181062775383000
1365181062975351000
1365181063175313000
1365181063375288000
1365181063575239000
1365181063775201000
1365181063975157000
1365181064175128000
1365181064375087000
1365181064575051000
1365181064775018000
1365181064974982000
1365181065174941000
1365181065374915000
1365181065574867000
1365181065774831000
1365181065974789000
1365181066174758000
1365181066374723000
1365181066574689000
1365181066774648000
1365181066974671000
1365181067174575000
1365181067374541000
1365181067574515000
1365181067774465000
1365181067974425000
1365181068174406000
1365181068374360000
1365181068574322000
1365181068774280000
1365181068974244000
1365181069174209000
1365181069374190000
1365181069574138000
1365181069774100000
1365181069974052000
1365181070174091000
1365181070373991000
1365181070573951000
1365181070773917000
1365181070973879000
1365181071173854000
1365181071373817000
1365181071573766000
1365181071773735000
1365181071973697000
1365181072173697000
1365181072373618000
1365181072573594000
1365181072773548000
1365181072973502000
1365181073173472000
1365181073373439000
1365181073573402000
1365181073773367000
1365181073973319000
1365181074173292000
1365181074373253000
1365181074573215000
1365181074773178000
1365181074973136000
1365181075173106000
1365181075373072000
1365181075573033000
1365181075773005000
1365181075972965000
1365181076172922000
1365181076372905000
1365181076572848000
1365181076772811000
1365181076972769000
1365181077172744000
1365181077372703000
1365181077572665000
1365181077772632000
1365181077972583000
1365181078172566000
1365181078372522000
1365181078572482000
1365181078772451000
1365181078972401000
1365181079172373000
1365181079372335000
1365181079572298000
1365181079772270000
1365181079972217000
1365181080172214000
1365181080372169000
1365181080572116000
1365181080772080000
1365181080972040000
1365181081172010000
1365181081371974000
1365181081571942000
1365181081771896000
1365181081971852000
1365181082171824000
1365181082371785000
1365181082571764000
1365181082771713000
1365181082971697000
1365181083171638000
1365181083371602000
1365181083571566000
1365181083771529000
1365181083971482000
1365181084171483000
1365181084371422000
1365181084571381000
1365181084771361000
1365181084971309000
1365181085171286000
1365181085371235000
1365181085571200000
1365181085771163000
1365181085971127000
1365181086171092000
1365181086371053000
1365181086571015000
1365181086770972000
1365181086970984000
1365181087170904000
1365181087370873000
1365181087570833000
1365181087770797000
1365181087970748000
1365181088170713000
1365181088370686000
1365181088570646000
1365181088770611000
1365181088970566000
1365181089170538000
1365181089370505000
1365181089570464000
1365181089770430000
1365181089970393000
1365181090170357000
1365181090370320000
1365181090570283000
1365181090770247000
1365181090970202000
1365181091170173000
1365181091370138000
1365181091570105000
1365181091770061000
1365181091970027000
1365181092169991000
1365181092369949000
1365181092569912000
1365181092769880000
1365181092969842000
1365181093169804000
1365181093369769000
1365181093569730000
1365181093769693000
1365181093969660000
1365181094169627000
1365181094369585000
1365181094569579000
1365181094769513000
1365181094969473000
1365181095169437000
1365181095369433000
1365181095569364000
1365181095769350000
1365181095969286000
1365181096169256000
1365181096369228000
1365181096569195000
1365181096769147000
1365181096969100000
1365181097169130000
1365181097369034000
1365181097568998000
1365181097768961000
1365181097968916000
1365181098168885000
1365181098368853000
1365181098568815000
1365181098768778000
1365181098968743000
1365181099168701000
1365181099368668000
1365181099568630000
1365181099768611000
1365181099968549000
1365181100168522000
1365181100368523000
1365181100568473000
1365181100768413000
1365181100968372000
1365181101168364000
1365181101368301000
1365181101568265000
1365181101768229000
1365181101968184000
1365181102168155000
1365181102368117000
1365181102568081000
1365181102768044000
1365181102967998000
1365181103167982000
1365181103367934000
1365181103567896000
1365181103767862000
1365181103967818000
1365181104167788000
1365181104367778000
1365181104567713000
1365181104767677000
1365181104967636000
1365181105167623000
1365181105367571000
1365181105567528000
1365181105767495000
1365181105967449000
1365181106167419000
1365181106367422000
1365181106567465000
1365181106767326000
1365181106967276000
1365181107167309000
1365181107367201000
1365181107567186000
1365181107767125000
1365181107967095000
1365181108167053000
1365181108367021000
1365181108567017000
1365181108766944000
1365181108966901000
1365181109166870000
1365181109366833000
1365181109566856000
1365181109766786000
1365181109966717000
1365181110166687000
1365181110366711000
1365181110566661000
1365181110766592000
1365181110966531000
1365181111166504000
1365181111366466000
1365181111566462000
1365181111766415000
1365181111966348000
1365181112166318000
1365181112366287000
1365181112566248000
1365181112766216000
1365181112966164000
1365181113166138000
1365181113366098000
1365181113566065000
1365181113766024000
1365181113966012000
1365181114165970000
1365181114365984000
1365181114565881000
1365181114766329000
1365181114965809000
1365181115165772000
1365181115365737000
1365181115565701000
1365181115765660000
1365181115965614000
1365181116165616000
1365181116365639000
1365181116565511000
1365181116765478000
1365181116965431000
1365181117165406000
1365181117365366000
1365181117565353000
1365181117765295000
1365181117965251000
1365181118165248000
1365181118365181000
1365181118565149000
1365181118765111000
1365181118965063000
1365181119165036000
1365181119364997000
1365181119564992000
1365181119764931000
1365181119964888000
1365181120164854000
1365181120364817000
1365181120564782000
1365181120764747000
1365181120964709000
1365181121164671000
1365181121364652000
1365181121564598000
1365181121764566000
1365181121964512000
1365181122164485000
1365181122364448000
1365181122564413000
1365181122764375000
1365181122964331000
1365181123164306000
1365181123364269000
1365181123564232000
1365181123764195000
1365181123964146000
1365181124164122000
1365181124364087000
1365181124564045000
1365181124764008000
1365181124963962000
1365181125163935000
1365181125363932000
1365181125563864000
1365181125763825000
1365181125963796000
1365181126163754000
1365181126363716000
1365181126563678000
1365181126763649000
1365181126963610000
1365181127163585000
1365181127363536000
1365181127563499000
1365181127763461000
1365181127963432000
1365181128163384000
1365181128363351000
1365181128563313000
1365181128763279000
1365181128963229000
1365181129163201000
1365181129363170000
1365181129563128000
1365181129763090000
1365181129963065000
1365181130163019000
1365181130362984000
1365181130562973000
1365181130762921000
1365181130962863000
1365181131162835000
1365181131362801000
1365181131562769000
1365181131762725000
1365181131962681000
1365181132162651000
1365181132362615000
1365181132562616000
1365181132762546000
1365181132962498000
1365181133162485000
1365181133362437000
1365181133562409000
1365181133762361000
1365181133962313000
1365181134162298000
1365181134362251000
1365181134562234000
1365181134762178000
1365181134962146000
1365181135162124000
1365181135362066000
1365181135562036000
1365181135762007000
1365181135961951000
1365181136161924000
1365181136361886000
1365181136561845000
1365181136761806000
1365181136961770000
1365181137161736000
1365181137361704000
1365181137561663000
1365181137761626000
1365181137961581000
1365181138161551000
1365181138361525000
1365181138561483000
1365181138761444000
1365181138961396000
1365181139161369000
1365181139361333000
1365181139561298000
1365181139761262000
1365181139961224000
1365181140161190000
1365181140361150000
1365181140561115000
1365181140761077000
1365181140961030000
1365181141161002000
1365181141360976000
1365181141560929000
1365181141760890000
1365181141960846000
1365181142160818000
1365181142360796000
1365181142560751000
1365181142760708000
1365181142960667000
1365181143160673000
1365181143360601000
1365181143560588000
1365181143760526000
1365181143960482000
1365181144160454000
1365181144360439000
1365181144560382000
1365181144760342000
1365181144960380000
1365181145160311000
1365181145360230000
1365181145560223000
1365181145760172000
1365181145960113000
1365181146160089000
1365181146360047000
1365181146560011000
1365181146759978000
1365181146959941000
1365181147159904000
1365181147359867000
1365181147559836000
1365181147759794000
1365181147959746000
1365181148159721000
1365181148359687000
1365181148559655000
1365181148759613000
1365181148959563000
1365181149159535000
1365181149359502000
1365181149559464000
1365181149759427000
1365181149959381000
1365181150159361000
1365181150359314000
1365181150559281000
1365181150759244000
1365181150959197000
1365181151159171000
1365181151359146000
1365181151559098000
1365181151759062000
1365181151959020000
1365181152159017000
1365181152358952000
1365181152558914000
1365181152758875000
1365181152958832000
1365181153158804000
1365181153358799000
1365181153558764000
1365181153758693000
1365181153958647000
1365181154158623000
1365181154358582000
1365181154558551000
1365181154758515000
1365181154958463000
1365181155158437000
1365181155358398000
1365181155558361000
1365181155758341000
1365181155958297000
1365181156158254000
1365181156358233000
1365181156558178000
1365181156758143000
1365181156958193000
1365181157158068000
1365181157358050000
1365181157557994000
1365181157757958000
1365181157957925000
1365181158157885000
1365181158357849000
1365181158557819000
1365181158757775000
1365181158957740000
1365181159157738000
1365181159357669000
1365181159557630000
1365181159757592000
1365181159957549000
1365181160157522000
1365181160357485000
1365181160557448000
1365181160757412000
1365181160957375000
1365181161157340000
1365181161357303000
1365181161557266000
1365181161757229000
1365181161957181000
1365181162157172000
1365181162357120000
1365181162557083000
1365181162757054000
1365181162957010000
1365181163156991000
1365181163356935000
1365181163556898000
1365181163756861000
1365181163956815000
1365181164156787000
1365181164356755000
1365181164556716000
1365181164756725000
1365181164956631000
1365181165156604000
1365181165356571000
1365181165556536000
1365181165756496000
1365181165956450000
1365181166156425000
1365181166356388000
1365181166556371000
1365181166756317000
1365181166956292000
1365181167156301000
1365181167356200000
1365181167556168000
1365181167756129000
1365181167956083000
1365181168156071000
1365181168356018000
1365181168555985000
1365181168755948000
1365181168955907000
1365181169155871000
1365181169355836000
1365181169555981000
1365181169755784000
1365181169955716000
1365181170155714000
1365181170355650000
1365181170555615000
1365181170755576000
1365181170955535000
1365181171155506000
1365181171355500000
1365181171555433000
1365181171755399000
1365181171955353000
1365181172155323000
1365181172355292000
1365181172555264000
1365181172755214000
1365181172955168000
1365181173155137000
1365181173355117000
1365181173555079000
1365181173755072000
1365181173954982000
1365181174154957000
1365181174354919000
1365181174554893000
1365181174754848000
1365181174954800000
1365181175154776000
1365181175354736000
1365181175554700000
1365181175754665000
1365181175954627000
1365181176154587000
1365181176354589000
1365181176554517000
1365181176754686000
1365181176954490000
1365181177154408000
1365181177354370000
1365181177554335000
1365181177754311000
1365181177954253000
1365181178154221000
1365181178354186000
1365181178554153000
1365181178754110000
1365181178954079000
1365181179154040000
1365181179354004000
1365181179554005000
1365181179753940000
1365181179953886000
1365181180153856000
1365181180353821000
1365181180553784000
1365181180753747000
1365181180953703000
1365181181153673000
1365181181353663000
1365181181553605000
1365181181753583000
1365181181953521000
1365181182153490000
1365181182353454000
1365181182553419000
1365181182753378000
1365181182953333000
1365181183153310000
1365181183353296000
1365181183553238000
1365181183753198000
1365181183953154000
1365181184153165000
1365181184353090000
1365181184553063000
1365181184753016000
1365181184952969000
1365181185152941000
1365181185352903000
1365181185552870000
1365181185752833000
1365181185952788000
1365181186152775000
1365181186352736000
1365181186552716000
1365181186752659000
1365181186952611000
1365181187152577000
1365181187352537000
1365181187552502000
1365181187752466000
1365181187952435000
1365181188152391000
1365181188352353000
1365181188552321000
1365181188752281000
1365181188952236000
1365181189152210000
1365181189352178000
1365181189552138000
1365181189752094000
1365181189952068000
1365181190152028000
1365181190351990000
1365181190551959000
1365181190751930000
1365181190951871000
1365181191151848000
1365181191351825000
1365181191551791000
1365181191751735000
1365181191951699000
1365181192151659000
1365181192351621000
1365181192551588000
1365181192751575000
1365181192951504000
1365181193151476000
1365181193351455000
1365181193551406000
1365181193751367000
1365181193951324000
1365181194151298000
1365181194351263000
1365181194551223000
1365181194751184000
1365181194951136000
1365181195151108000
1365181195351075000
1365181195551039000
1365181195751002000
1365181195950972000
1365181196150927000
1365181196350893000
1365181196550852000
1365181196750818000
1365181196950788000
1365181197150741000
1365181197350708000
1365181197550674000
1365181197750633000
1365181197950589000
1365181198150562000
1365181198350521000
1365181198550490000
1365181198750452000
1365181198950405000
1365181199150378000
1365181199350340000
1365181199550317000
1365181199750272000
1365181199950232000
1365181200150194000
1365181200350165000
1365181200550121000
1365181200750086000
1365181200950047000
1365181201150016000
1365181201349978000
1365181201549939000
1365181201749902000
1365181201949867000
1365181202149829000
1365181202349806000
1365181202549768000
1365181202749720000
1365181202949678000
1365181203149645000
1365181203349599000
1365181203549574000
1365181203749534000
1365181203949492000
1365181204149486000
1365181204349425000
1365181204549390000
1365181204749363000
1365181204949306000
1365181205149279000
1365181205349242000
1365181205549208000
1365181205749187000
1365181205949128000
1365181206149096000
1365181206349062000
1365181206549023000
1365181206748987000
1365181206948943000
1365181207148922000
1365181207348873000
1365181207548841000
1365181207748840000
1365181207948778000
1365181208148733000
1365181208348686000
1365181208548691000
1365181208748623000
1365181208948575000
1365181209148567000
1365181209348508000
1365181209548477000
1365181209748440000
1365181209948395000
1365181210148380000
1365181210348328000
1365181210548293000
1365181210748256000
1365181210948218000
1365181211148180000
1365181211348145000
1365181211548111000
1365181211748072000
1365181211948031000
1365181212148000000
1365181212347964000
1365181212547928000
1365181212747896000
1365181212947871000
1365181213147816000
1365181213347777000
1365181213547733000
1365181213747709000
1365181213947685000
1365181214147639000
1365181214347599000
1365181214547584000
1365181214747528000
1365181214947479000
1365181215147461000
1365181215347419000
1365181215547370000
1365181215747343000
1365181215947296000
1365181216147270000
1365181216347234000
1365181216547196000
1365181216747157000
1365181216947121000
1365181217147105000
1365181217347049000
1365181217547011000
1365181217746975000
1365181217946945000
1365181218146904000
1365181218346864000
1365181218546847000
1365181218746794000
1365181218946755000
1365181219146721000
1365181219346684000
1365181219546645000
1365181219746610000
1365181219946566000
1365181220146538000
1365181220346554000
1365181220546485000
1365181220746429000
1365181220946440000
1365181221146374000
1365181221346321000
1365181221546325000
1365181221746266000
1365181221946216000
1365181222146173000
1365181222346145000
1365181222546098000
1365181222746060000
1365181222946015000
1365181223145988000
1365181223345952000
1365181223545906000
1365181223745883000
1365181223945844000
1365181224145853000
1365181224345773000
1365181224545731000
1365181224745923000
1365181224945675000
1365181225145870000
1365181225345632000
1365181225545550000
1365181225745526000
1365181225945467000
1365181226145465000
1365181226345400000
1365181226545367000
1365181226745331000
1365181226945283000
1365181227145258000
1365181227345220000
1365181227545180000
1365181227745148000
1365181227945106000
1365181228145073000
1365181228345028000
1365181228545000000
1365181228744962000
1365181228944922000
1365181229144905000
1365181229344856000
1365181229544816000
1365181229744780000
1365181229944750000
1365181230144719000
1365181230344673000
1365181230544634000
1365181230744625000
1365181230944551000
1365181231144536000
1365181231344541000
1365181231544450000
1365181231744418000
1365181231944368000
1365181232144340000
1365181232344303000
1365181232544270000
1365181232744236000
1365181232944195000
1365181233144162000
1365181233344124000
1365181233544086000
1365181233744048000
1365181233944004000
1365181234143981000
1365181234343945000
1365181234543904000
1365181234743867000
1365181234943830000
1365181235143794000
1365181235343756000
1365181235543718000
1365181235743686000
1365181235943652000
1365181236143613000
1365181236343575000
1365181236543537000
1365181236743500000
1365181236943456000
1365181237143425000
1365181237343392000
1365181237543355000
1365181237743318000
1365181237943283000
1365181238143247000
1365181238343210000
1365181238543174000
1365181238743136000
1365181238943098000
1365181239143089000
1365181239343027000
1365181239542988000
1365181239742953000
1365181239942909000
1365181240142881000
1365181240342841000
1365181240542807000
1365181240742789000
1365181240942724000
1365181241142696000
1365181241342659000
1365181241542622000
1365181241742601000
1365181241942543000
1365181242142512000
1365181242342495000
1365181242542440000
1365181242742405000
1365181242942367000
1365181243142335000
1365181243342292000
1365181243542265000
1365181243742221000
1365181243942177000
1365181244142146000
1365181244342113000
1365181244542074000
1365181244742039000
1365181244941999000
1365181245141965000
1365181245341934000
1365181245541893000
1365181245741861000
1365181245941818000
1365181246141781000
1365181246341747000
1365181246541712000
1365181246741669000
1365181246941636000
1365181247141643000
1365181247341564000
1365181247541538000
1365181247741503000
1365181247941447000
1365181248141415000
1365181248341379000
1365181248541344000
1365181248741326000
1365181248941282000
1365181249141233000
1365181249341196000
1365181249541165000
1365181249741128000
1365181249941088000
1365181250141052000
1365181250341042000
1365181250540976000
1365181250740943000
1365181250940924000
1365181251140871000
1365181251340829000
1365181251540797000
1365181251740761000
1365181251940714000
1365181252140683000
1365181252340647000
1365181252540614000
1365181252740575000
1365181252940534000
1365181253140504000
1365181253340471000
1365181253540430000
1365181253740386000
1365181253940361000
1365181254140323000
1365181254340281000
1365181254540248000
1365181254740212000
1365181254940165000
1365181255140139000
1365181255340098000
1365181255540076000
1365181255740024000
1365181255940005000
1365181256139967000
1365181256339934000
1365181256539882000
1365181256739856000
1365181256939809000
1365181257139771000
1365181257339736000
1365181257539707000
1365181257739664000
1365181257939615000
1365181258139602000
1365181258339595000
1365181258539518000
1365181258739486000
1365181258939442000
1365181259139408000
1365181259339378000
1365181259539334000
1365181259739296000
1365181259939256000
1365181260139230000
1365181260339192000
1365181260539151000
1365181260739146000
1365181260939067000
1365181261139040000
1365181261339007000
1365181261538968000
1365181261738929000
1365181261938888000
1365181262138856000
1365181262338819000
1365181262538786000
1365181262738748000
1365181262938700000
1365181263138675000
1365181263338636000
1365181263538599000
1365181263738564000
1365181263938530000
1365181264138489000
1365181264338478000
1365181264538417000
1365181264738381000
1365181264938345000
1365181265138339000
1365181265338276000
1365181265538233000
1365181265738200000
1365181265938152000
1365181266138128000
1365181266338086000
1365181266538053000
1365181266738017000
1365181266937971000
1365181267137943000
1365181267337903000
1365181267537869000
1365181267737884000
1365181267937790000
1365181268137756000
1365181268337723000
1365181268537686000
1365181268737664000
1365181268937601000
1365181269137578000
1365181269337538000
1365181269537505000
1365181269737482000
1365181269937428000
1365181270137393000
1365181270337354000
1365181270537320000
1365181270737281000
1365181270937236000
1365181271137208000
1365181271337172000
1365181271537135000
1365181271737099000
1365181271937054000
1365181272137065000
1365181272336993000
1365181272536953000
1365181272736916000
1365181272936872000
1365181273136843000
1365181273336807000
1365181273536768000
1365181273736756000
1365181273936686000
1365181274136660000
1365181274336679000
1365181274536588000
1365181274736554000
1365181274936514000
1365181275136481000
1365181275336638000
1365181275536416000
1365181275736395000
1365181275936323000
1365181276136298000
1365181276336318000
1365181276536223000
1365181276736185000
1365181276936137000
1365181277136144000
1365181277336086000
1365181277536062000
1365181277736023000
1365181277936006000
1365181278135927000
1365181278335888000
1365181278535854000
1365181278735985000
1365181278935771000
1365181279135754000
1365181279335712000
1365181279535668000
1365181279735634000
1365181279935587000
1365181280135564000
1365181280335550000
1365181280535491000
1365181280735449000
1365181280935413000
1365181281135380000
1365181281335355000
1365181281535306000
1365181281735264000
1365181281935231000
1365181282135199000
1365181282335158000
1365181282535118000
1365181282735086000
1365181282935037000
1365181283135013000
1365181283334975000
1365181283534938000
1365181283734898000
1365181283934864000
1365181284134828000
1365181284334787000
1365181284534755000
1365181284734708000
1365181284934671000
1365181285134645000
1365181285334607000
1365181285534606000
1365181285734534000
1365181285934488000
1365181286134459000
1365181286334422000
1365181286534389000
1365181286734354000
1365181286934311000
1365181287134275000
1365181287334254000
1365181287534204000
1365181287734167000
1365181287934185000
1365181288134106000
1365181288334057000
1365181288534020000
1365181288733985000
1365181288933939000
1365181289133912000
1365181289333874000
1365181289533841000
1365181289733802000
1365181289933756000
1365181290133727000
1365181290333696000
1365181290533655000
1365181290733620000
1365181290933570000
1365181291133554000
1365181291333512000
1365181291533473000
1365181291733452000
1365181291933392000
1365181292133392000
1365181292333325000
1365181292533287000
1365181292733254000
1365181292933215000
1365181293133178000
1365181293333143000
1365181293533136000
1365181293733126000
1365181293933031000
1365181294132999000
1365181294332960000
1365181294532924000
1365181294732887000
1365181294932841000
1365181295132816000
1365181295332778000
1365181295532746000
1365181295732701000
1365181295932659000
1365181296132640000
1365181296332596000
1365181296532559000
1365181296732521000
1365181296932481000
1365181297132446000
1365181297332408000
1365181297532380000
1365181297732340000
1365181297932299000
1365181298132261000
1365181298332226000
1365181298532208000
1365181298732154000
1365181298932111000
1365181299132077000
1365181299332043000
1365181299532006000
1365181299731969000
1365181299931931000
1365181300131894000
1365181300332884000
1365181300531820000
1365181300731805000
1365181300931741000
1365181301131722000
1365181301331692000
1365181301531638000
1365181301731604000
1365181301931556000
1365181302131545000
1365181302331494000
1365181302531453000
1365181302731419000
1365181302931373000
1365181303131346000
1365181303331310000
1365181303531270000
1365181303731224000
1365181303931198000
1365181304131165000
1365181304331129000
1365181304531120000
1365181304731056000
1365181304931030000
1365181305130977000
1365181305330957000
1365181305530907000
1365181305730872000
1365181305930833000
1365181306130796000
1365181306330763000
1365181306530722000
1365181306730699000
1365181306930639000
1365181307130626000
1365181307330646000
1365181307530539000
1365181307730503000
1365181307930468000
1365181308130432000
1365181308330395000
1365181308530369000
1365181308730321000
1365181308930276000
1365181309130245000
1365181309330211000
1365181309530173000
1365181309730137000
1365181309930090000
1365181310130062000
1365181310330028000
1365181310529991000
1365181310729980000
1365181310929912000
1365181311129882000
1365181311329843000
1365181311529806000
1365181311729781000
1365181311929724000
1365181312129715000
1365181312329662000
1365181312529623000
1365181312729598000
1365181312929542000
1365181313129557000
1365181313329482000
1365181313529438000
1365181313729404000
1365181313929368000
1365181314129347000
1365181314329379000
1365181314529272000
1365181314729224000
1365181314929184000
1365181315129146000
1365181315329122000
1365181315529065000
1365181315729040000
1365181315928990000
1365181316128965000
1365181316328949000
1365181316528890000
1365181316728886000
1365181316928807000
1365181317128773000
1365181317328748000
1365181317528706000
1365181317728671000
1365181317928626000
1365181318128588000
1365181318328563000
1365181318528525000
1365181318728489000
1365181318928440000
1365181319128413000
1365181319328377000
1365181319528363000
1365181319728303000
1365181319928262000
1365181320128231000
1365181320328211000
1365181320528173000
1365181320728121000
1365181320928081000
1365181321128059000
1365181321328013000
1365181321527975000
1365181321727940000
1365181321927903000
1365181322127883000
1365181322327832000
1365181322527794000
1365181322727757000
1365181322927731000
1365181323127723000
1365181323327672000
1365181323527610000
1365181323727586000
1365181323927539000
1365181324127497000
1365181324327464000
1365181324527449000
1365181324727418000
1365181324927365000
1365181325127314000
1365181325327278000
1365181325527243000
1365181325727206000
1365181325927161000
1365181326127134000
1365181326327098000
1365181326527080000
1365181326727023000
1365181326926976000
1365181327126949000
1365181327326955000
1365181327526915000
1365181327726837000
1365181327926792000
1365181328126791000
1365181328326736000
1365181328526930000
1365181328726655000
1365181328926611000
1365181329126632000
1365181329326545000
1365181329526509000
1365181329726472000
1365181329926447000
1365181330126468000
1365181330326364000
1365181330526324000
1365181330726296000
1365181330926248000
1365181331126249000
1365181331326178000
1365181331527279000
1365181331726107000
1365181331926915000
1365181332126079000
1365181332326030000
1365181332525956000
1365181332725943000
1365181332925879000
1365181333125853000
1365181333325833000
1365181333525773000
1365181333725768000
1365181333925695000
1365181334125669000
1365181334325632000
1365181334525599000
1365181334725549000
1365181334925563000
1365181335125481000
1365181335325446000
1365181335525409000
1365181335725373000
1365181335925328000
1365181336125298000
1365181336325266000
1365181336525226000
1365181336725189000
1365181336925145000
1365181337125115000
1365181337325080000
1365181337525041000
1365181337725008000
1365181337924958000
1365181338124933000
1365181338324898000
1365181338524859000
1365181338724820000
1365181338924778000
1365181339124761000
1365181339324713000
1365181339524675000
1365181339724638000
1365181339924596000
1365181340124567000
1365181340324530000
1365181340524492000
1365181340724455000
1365181340924413000
1365181341124385000
1365181341324348000
1365181341524310000
1365181341724273000
1365181341924229000
1365181342124199000
1365181342324163000
1365181342524127000
1365181342724091000
1365181342924049000
1365181343124015000
1365181343323980000
1365181343523945000
1365181343723906000
1365181343923863000
1365181344123832000
1365181344323795000
1365181344523763000
1365181344723726000
1365181344923677000
1365181345123654000
1365181345323614000
1365181345523575000
1365181345723540000
1365181345923504000
1365181346123481000
1365181346323435000
1365181346523396000
1365181346723357000
1365181346923322000
1365181347123286000
1365181347323247000
1365181347523208000
1365181347723175000
1365181347923134000
1365181348123098000
1365181348323079000
1365181348523034000
1365181348722991000
1365181348922944000
1365181349122919000
1365181349322879000
1365181349522843000
1365181349722810000
1365181349922761000
1365181350122736000
1365181350322700000
1365181350522672000
1365181350722624000
1365181350922577000
1365181351122576000
1365181351322513000
1365181351522479000
1365181351722444000
1365181351922397000
1365181352122367000
1365181352322329000
1365181352522294000
1365181352722256000
1365181352922222000
1365181353122181000
1365181353322148000
1365181353522111000
1365181353722075000
1365181353922030000
1365181354122002000
1365181354321965000
1365181354521926000
1365181354721894000
1365181354921844000
1365181355121814000
1365181355321785000
1365181355521743000
1365181355721706000
1365181355921663000
1365181356121664000
1365181356321596000
1365181356521563000
1365181356721529000
1365181356921479000
1365181357121448000
1365181357321415000
1365181357521375000
1365181357721340000
1365181357921298000
1365181358121264000
1365181358321230000
1365181358521192000
1365181358721157000
1365181358921111000
1365181359121083000
1365181359321046000
1365181359521013000
1365181359720971000
1365181359920944000
1365181360120899000
1365181360320866000
1365181360520827000
1365181360720788000
1365181360920753000
1365181361120739000
1365181361320682000
1365181361520644000
1365181361720610000
1365181361920560000
1365181362120535000
1365181362320495000
1365181362520457000
1365181362720435000
1365181362920378000
1365181363120352000
1365181363320315000
1365181363520275000
1365181363720240000
1365181363920195000
1365181364120169000
1365181364320131000
1365181364520097000
1365181364720056000
1365181364920028000
1365181365119986000
1365181365319945000
1365181365519935000
1365181365719873000
1365181365919829000
1365181366119835000
1365181366319918000
1365181366519730000
1365181366719689000
1365181366919660000
1365181367119620000
1365181367319583000
1365181367519543000
1365181367719528000
1365181367919462000
1365181368119433000
1365181368319400000
1365181368519359000
1365181368719330000
1365181368919280000
1365181369119248000
1365181369319215000
1365181369519557000
1365181369719143000
1365181369919096000
1365181370119069000
1365181370319108000
1365181370518995000
1365181370718960000
1365181370918913000
1365181371118888000
1365181371318846000
1365181371518839000
1365181371718820000
1365181371918728000
1365181372118705000
1365181372318664000
1365181372518631000
1365181372718604000
1365181372918546000
1365181373118521000
1365181373318505000
1365181373518445000
1365181373718407000
1365181373918365000
1365181374118366000
1365181374318298000
1365181374518261000
1365181374718228000
1365181374918188000
1365181375118153000
1365181375318117000
1365181375518079000
1365181375718042000
1365181375917997000
1365181376117970000
1365181376317932000
1365181376517894000
1365181376717857000
1365181376917822000
1365181377117784000
1365181377317851000
1365181377517710000
1365181377717676000
1365181377917629000
1365181378117602000
1365181378317563000
1365181378517526000
1365181378717491000
1365181378917447000
1365181379117417000
1365181379317396000
1365181379517359000
1365181379717331000
1365181379917291000
1365181380117236000
1365181380317201000
1365181380517192000
1365181380717126000
1365181380917086000
1365181381117081000
1365181381317017000
1365181381516981000
1365181381716944000
1365181381916899000
1365181382117155000
1365181382316832000
1365181382516836000
1365181382716789000
1365181382916716000
1365181383116690000
1365181383316712000
1365181383517286000
1365181383716576000
1365181383916538000
1365181384116502000
1365181384316466000
1365181384516427000
1365181384716393000
1365181384916347000
1365181385116439000
1365181385316283000
1365181385516246000
1365181385716208000
1365181385916173000
1365181386116223000
1365181386316124000
1365181386516062000
1365181386716091000
1365181386915991000
1365181387115955000
1365181387315916000
1365181387515909000
1365181387715845000
1365181387915808000
1365181388115781000
1365181388315725000
1365181388515692000
1365181388715659000
1365181388915620000
1365181389115585000
1365181389315563000
1365181389515513000
1365181389715479000
1365181389915449000
1365181390115419000
1365181390315363000
1365181390515342000
1365181390715294000
1365181390915259000
1365181391115220000
1365181391315180000
1365181391515156000
1365181391715110000
1365181391915070000
1365181392115034000
1365181392315000000
1365181392514962000
1365181392714923000
1365181392914916000
1365181393114852000
1365181393314814000
1365181393514779000
1365181393714740000
1365181393914705000
1365181394114668000
1365181394314665000
1365181394514595000
1365181394714558000
1365181394914806000
1365181395114485000
1365181395314451000
1365181395514410000
1365181395714378000
1365181395914340000
1365181396114304000
1365181396314370000
1365181396514240000
1365181396714191000
1365181396914158000
1365181397114119000
1365181397314080000
1365181397514045000
1365181397714010000
1365181397913985000
1365181398113952000
1365181398313902000
1365181398513919000
1365181398713825000
1365181398913791000
1365181399113757000
1365181399313713000
1365181399513684000
1365181399713656000
1365181399913606000
1365181400113567000
1365181400313559000
1365181400513514000
1365181400713458000
1365181400913425000
1365181401113382000
1365181401313349000
1365181401513323000
1365181401713275000
1365181401913239000
1365181402113209000
1365181402313166000
1365181402513130000
1365181402713103000
1365181402913047000
1365181403113019000
1365181403312997000
1365181403512945000
1365181403712908000
1365181403912872000
1365181404112852000
1365181404312801000
1365181404512760000
1365181404712724000
1365181404912693000
1365181405112651000
1365181405312618000
1365181405512578000
1365181405712545000
1365181405912505000
1365181406112471000
1365181406312431000
1365181406512408000
1365181406712356000
1365181406912321000
1365181407112286000
1365181407312256000
1365181407512212000
1365181407712195000
1365181407912140000
1365181408112104000
1365181408312064000
1365181408512026000
1365181408711993000
1365181408911958000
1365181409111917000
1365181409311883000
1365181409511844000
1365181409711808000
1365181409911765000
1365181410111725000
1365181410311701000
1365181410511666000
1365181410711628000
1365181410911591000
1365181411111569000
1365181411312866000
1365181411511479000
1365181411711440000
1365181411911410000
1365181412111369000
1365181412311331000
1365181412511294000
1365181412711254000
1365181412911221000
1365181413111193000
1365181413311150000
1365181413511110000
1365181413711081000
1365181413911041000
1365181414111006000
1365181414310979000
1365181414510927000
1365181414710889000
1365181414910913000
1365181415110817000
1365181415310781000
1365181415510742000
1365181415710706000
1365181415910693000
1365181416110635000
1365181416310600000
1365181416510590000
1365181416710525000
1365181416910490000
1365181417110456000
1365181417310415000
1365181417510383000
1365181417710356000
1365181417910332000
1365181418110271000
1365181418310230000
1365181418510195000
1365181418710162000
1365181418910122000
1365181419110087000
1365181419310048000
1365181419510011000
1365181419710009000
1365181419909943000
1365181420109903000
1365181420309865000
1365181420509845000
1365181420709790000
1365181420909756000
1365181421109719000
1365181421309682000
1365181421509646000
1365181421709625000
1365181421909589000
1365181422109536000
1365181422309498000
1365181422509521000
1365181422709447000
1365181422909391000
1365181423109355000
1365181423309319000
1365181423509276000
1365181423709534000
1365181423909203000
1365181424109168000
1365181424309147000
1365181424509129000
1365181424709057000
1365181424909052000
1365181425109020000
1365181425308939000
1365181425508912000
1365181425709163000
1365181425908861000
1365181426108792000
1365181426308756000
1365181426508731000
1365181426708703000
1365181426908649000
1365181427108674000
1365181427308581000
1365181427508547000
1365181427708509000
1365181427908470000
1365181428108991000
1365181428308458000
1365181428508484000
1365181428708350000
1365181428908288000
1365181429108252000
1365181429308214000
1365181429508177000
1365181429708141000
1365181429908105000
1365181430108059000
1365181430308032000
1365181430507994000
1365181430707960000
1365181430907928000
1365181431107890000
1365181431307849000
1365181431507809000
1365181431707774000
1365181431907743000
1365181432107701000
1365181432307667000
1365181432507630000
1365181432707593000
1365181432907556000
1365181433107518000
1365181433307487000
1365181433507447000
1365181433707409000
1365181433907376000
1365181434107338000
1365181434307300000
1365181434507263000
1365181434707228000
1365181434907214000
1365181435107195000
1365181435307117000
1365181435507130000
1365181435707041000
1365181435907013000
1365181436106971000
1365181436307013000
1365181436506898000
1365181436706860000
1365181436906823000
1365181437106787000
1365181437306818000
1365181437506737000
1365181437706694000
1365181437906642000
1365181438106627000
1365181438306587000
1365181438506529000
1365181438706480000
1365181438906463000
1365181439106419000
1365181439306381000
1365181439506345000
1365181439706313000
1365181439906270000
1365181440106262000
1365181440306202000
1365181440506150000
1365181440706127000
1365181440906101000
1365181441106082000
1365181441306018000
1365181441505977000
1365181441705997000
1365181441906176000
1365181442105869000
1365181442305829000
1365181442505858000
1365181442705760000
1365181442905785000
1365181443105683000
1365181443306140000
1365181443505609000
1365181443705826000
1365181443905542000
1365181444105500000
1365181444305464000
1365181444505426000
1365181444705388000
1365181444905352000
1365181445105315000
1365181445305279000
1365181445505246000
1365181445705207000
1365181445905169000
1365181446105131000
1365181446305098000
1365181446505058000
1365181446705049000
1365181446904985000
1365181447104950000
1365181447304939000
1365181447504876000
1365181447704839000
1365181447904806000
1365181448104769000
1365181448304727000
1365181448504693000
1365181448704684000
1365181448904621000
1365181449104583000
1365181449304546000
1365181449504507000
1365181449704471000
1365181449904466000
1365181450104403000
1365181450304361000
1365181450504342000
1365181450704287000
1365181450904255000
1365181451104215000
1365181451304179000
1365181451504139000
1365181451704104000
1365181451904082000
1365181452104030000
1365181452303994000
1365181452503985000
1365181452703919000
1365181452903903000
1365181453103848000
1365181453303810000
1365181453503774000
1365181453703744000
1365181453903701000
1365181454103663000
1365181454303634000
1365181454503590000
1365181454703571000
1365181454903520000
1365181455103480000
1365181455303446000
1365181455503408000
1365181455703371000
1365181455903338000
1365181456103296000
1365181456303258000
1365181456503226000
1365181456703188000
1365181456903151000
1365181457103114000
1365181457303095000
1365181457503039000
1365181457703003000
1365181457902966000
1365181458102930000
1365181458302896000
1365181458502855000
1365181458702832000
1365181458902787000
1365181459102773000
1365181459302724000
1365181459502671000
1365181459702653000
1365181459902599000
1365181460102560000
1365181460302526000
1365181460502520000
1365181460702451000
1365181460902421000
1365181461102379000
1365181461302346000
1365181461502305000
1365181461702269000
1365181461902236000
1365181462102210000
1365181462302159000
1365181462502123000
1365181462702083000
1365181462902054000
1365181463102038000
1365181463301977000
1365181463501941000
1365181463701905000
1365181463901864000
1365181464101828000
1365181464301823000
1365181464501755000
1365181464701723000
1365181464901684000
1365181465101648000
1365181465301625000
1365181465501568000
1365181465701534000
1365181465901500000
1365181466101460000
1365181466301425000
1365181466501385000
1365181466701352000
1365181466901314000
1365181467101281000
1365181467301239000
1365181467501206000
1365181467701179000
1365181467901136000
1365181468101104000
1365181468301055000
1365181468501020000
1365181468701004000
1365181468900970000
1365181469100908000
1365181469300872000
1365181469500855000
1365181469700819000
1365181469900761000
1365181470100729000
1365181470300691000
1365181470500670000
1365181470700612000
1365181470900802000
1365181471100535000
1365181471300518000
1365181471500471000
1365181471700432000
1365181471900394000
1365181472100383000
1365181472300324000
1365181472500291000
1365181472700248000
1365181472900213000
1365181473100180000
1365181473300136000
1365181473500104000
1365181473700064000
1365181473900026000
1365181474099991000
1365181474299956000
1365181474499918000
1365181474699881000
1365181474899843000
1365181475099806000
1365181475299771000
1365181475499736000
1365181475699698000
1365181475899659000
1365181476099623000
1365181476299586000
1365181476499549000
1365181476699512000
1365181476899475000
1365181477099441000
1365181477299405000
1365181477499367000
1365181477699336000
1365181477899297000
1365181478099369000
1365181478299218000
1365181478499182000
1365181478699179000
1365181478899459000
1365181479099071000
1365181479299040000
1365181479498999000
1365181479698977000
1365181479898924000
1365181480098892000
1365181480298853000
1365181480498814000
1365181480698816000
1365181480898747000
1365181481099102000
1365181481298666000
1365181481498647000
1365181481698592000
1365181481898557000
1365181482098552000
1365181482298487000
1365181482498446000
1365181482698415000
1365181482898374000
1365181483098342000
1365181483298327000
1365181483498262000
1365181483698230000
1365181483898190000
1365181484098153000
1365181484298116000
1365181484498082000
1365181484698057000
1365181484898006000
1365181485097985000
1365181485297959000
1365181485497914000
1365181485697861000
1365181485897825000
1365181486097787000
1365181486297752000
1365181486497712000
1365181486697678000
1365181486897639000
1365181487097600000
1365181487297585000
1365181487497529000
1365181487697491000
1365181487897460000
1365181488097422000
1365181488297383000
1365181488497346000
1365181488697324000
1365181488897338000
1365181489097249000
1365181489297220000
1365181489497161000
1365181489697127000
1365181489897107000
1365181490097052000
1365181490297018000
1365181490496979000
1365181490696948000
1365181490896904000
1365181491096870000
1365181491296832000
1365181491496794000
1365181491696759000
1365181491896721000
1365181492096686000
1365181492296708000
1365181492496611000
1365181492696573000
1365181492896539000
1365181493096502000
1365181493296464000
1365181493496429000
1365181493696388000
1365181493896356000
1365181494096325000
1365181494296278000
1365181494496246000
1365181494696204000
1365181494896290000
1365181495096349000
1365181495296095000
1365181495496064000
1365181495696022000
1365181495896094000
1365181496095946000
1365181496295912000
1365181496495876000
1365181496695841000
1365181496895817000
1365181497095766000
1365181497295730000
1365181497495689000
1365181497695685000
1365181497895616000
1365181498095581000
1365181498295577000
1365181498495506000
1365181498695472000
1365181498895438000
1365181499095396000
1365181499295362000
1365181499495331000
1365181499695288000
1365181499895254000
1365181500095211000
1365181500295204000
1365181500495141000
1365181500695130000
1365181500895133000
1365181501095030000
1365181501294994000
1365181501494975000
1365181501694930000
1365181501894886000
1365181502094842000
1365181502294811000
1365181502494774000
1365181502694733000
1365181502894697000
1365181503094662000
1365181503294623000
1365181503494637000
1365181503694583000
1365181503894518000
1365181504094480000
1365181504294440000
1365181504494402000
1365181504694364000
1365181504894329000
1365181505094294000
1365181505294270000
1365181505494219000
1365181505694182000
1365181505894163000
1365181506094127000
1365181506294073000
1365181506494040000
1365181506693997000
1365181506893980000
1365181507093930000
1365181507293888000
1365181507493854000
1365181507693820000
1365181507893789000
1365181508093738000
1365181508293707000
1365181508493670000
1365181508693633000
1365181508893609000
1365181509093559000
1365181509293523000
1365181509493489000
1365181509693449000
1365181509893418000
1365181510093373000
1365181510293339000
1365181510493305000
1365181510693266000
1365181510893228000
1365181511093191000
1365181511293155000
1365181511493117000
1365181511693085000
1365181511893050000
1365181512093007000
1365181512292972000
1365181512492933000
1365181512692899000
1365181512892860000
1365181513092826000
1365181513292789000
1365181513492764000
1365181513692728000
1365181513892678000
1365181514092641000
1365181514292600000
1365181514492567000
1365181514692527000
1365181514892491000
1365181515092452000
1365181515292418000
1365181515492393000
1365181515692343000
1365181515892320000
1365181516092272000
1365181516292243000
1365181516492210000
1365181516692155000
1365181516892130000
1365181517092097000
1365181517292055000
1365181517492015000
1365181517692003000
1365181517891942000
1365181518091904000
1365181518291857000
1365181518491831000
1365181518691795000
1365181518891754000
1365181519091719000
1365181519291712000
1365181519491643000
1365181519691606000
1365181519891571000
1365181520091533000
1365181520291495000
1365181520491461000
1365181520691425000
1365181520891400000
1365181521091349000
1365181521291315000
1365181521491296000
1365181521691239000
1365181521891235000
1365181522091168000
1365181522291128000
1365181522491093000
1365181522691075000
1365181522891022000
1365181523090984000
1365181523290948000
1365181523490910000
1365181523690872000
1365181523890847000
1365181524090809000
1365181524290762000
1365181524490722000
1365181524690688000
1365181524890654000
1365181525090631000
1365181525290577000
1365181525490545000
1365181525690507000
1365181525890478000
1365181526090433000
1365181526290417000
1365181526490561000
1365181526690323000
1365181526890283000
1365181527090249000
1365181527290210000
1365181527490409000
1365181527690138000
1365181527890100000
1365181528090064000
1365181528290028000
1365181528490004000
1365181528689975000
1365181528889917000
1365181529089883000
1365181529289845000
1365181529489802000
1365181529689769000
1365181529889747000
1365181530089697000
1365181530289684000
1365181530489620000
1365181530689583000
1365181530889546000
1365181531089543000
1365181531289479000
1365181531489436000
1365181531689398000
1365181531889363000
1365181532089324000
1365181532289468000
1365181532489254000
1365181532689302000
1365181532889193000
1365181533089146000
1365181533289101000
1365181533489067000
1365181533689056000
1365181533888995000
1365181534088960000
1365181534288920000
1365181534488884000
1365181534688850000
1365181534888813000
1365181535088803000
1365181535288940000
1365181535488701000
1365181535688667000
1365181535888628000
1365181536088589000
1365181536288553000
1365181536488532000
1365181536688480000
1365181536888444000
1365181537088431000
1365181537288385000
1365181537488342000
1365181537688291000
1365181537888257000
1365181538088240000
1365181538288183000
1365181538488150000
1365181538688115000
1365181538888073000
1365181539088038000
1365181539288001000
1365181539487964000
1365181539687927000
1365181539887891000
1365181540087876000
1365181540287843000
1365181540488101000
1365181540687745000
1365181540887708000
1365181541087698000
1365181541287635000
1365181541487595000
1365181541687558000
1365181541887522000
1365181542087482000
1365181542287445000
1365181542487432000
1365181542687375000
1365181542887350000
1365181543087302000
1365181543287262000
1365181543487253000
1365181543687189000
1365181543887181000
1365181544087115000
1365181544287079000
1365181544487042000
1365181544687008000
1365181544886971000
1365181545086931000
1365181545286912000
1365181545486858000
1365181545686822000
1365181545886793000
1365181546086793000
1365181546286727000
1365181546486677000
1365181546686637000
1365181546886625000
1365181547086620000
1365181547286531000
1365181547486492000
1365181547686444000
1365181547886422000
1365181548086388000
1365181548286341000
1365181548486331000
1365181548686269000
1365181548886233000
1365181549086209000
1365181549286161000
1365181549486364000
1365181549686090000
1365181549886067000
1365181550086170000
1365181550285974000
1365181550485938000
1365181550685930000
1365181550885865000
1365181551085827000
1365181551285791000
1365181551485765000
1365181551685883000
1365181551885696000
1365181552085643000
1365181552285608000
1365181552485572000
1365181552685535000
1365181552885505000
1365181553085472000
1365181553285422000
1365181553485427000
1365181553685347000
1365181553885310000
1365181554085277000
1365181554285238000
1365181554485201000
1365181554685163000
1365181554885175000
1365181555085090000
1365181555285052000
1365181555485018000
1365181555684976000
1365181555884942000
1365181556084904000
1365181556284870000
1365181556484831000
1365181556684801000
1365181556884773000
1365181557084760000
1365181557284698000
1365181557484660000
1365181557684609000
1365181557884574000
1365181558084539000
1365181558284501000
1365181558484465000
1365181558684428000
1365181558884391000
1365181559084357000
1365181559284331000
1365181559484287000
1365181559684245000
1365181559884209000
1365181560084199000
1365181560284132000
1365181560484094000
1365181560684059000
1365181560884039000
1365181561083984000
1365181561283950000
1365181561483915000
1365181561683874000
1365181561883838000
1365181562083806000
1365181562283764000
1365181562483741000
1365181562683806000
1365181562883655000
1365181563083619000
1365181563283581000
1365181563483545000
1365181563683508000
1365181563883462000
1365181564083435000
1365181564283395000
1365181564483359000
1365181564683323000
1365181564883285000
1365181565083248000
1365181565283216000
1365181565483177000
1365181565683138000
1365181565883104000
1365181566083066000
1365181566283026000
1365181566482990000
1365181566682956000
1365181566882919000
1365181567082878000
1365181567282841000
1365181567482809000
1365181567682772000
1365181567882741000
1365181568082699000
1365181568282663000
1365181568482625000
1365181568682588000
1365181568882547000
1365181569082517000
1365181569282475000
1365181569482443000
1365181569682428000
1365181569882364000
1365181570082329000
1365181570282292000
1365181570482261000
1365181570682242000
1365181570882186000
1365181571082146000
1365181571282108000
1365181571482072000
1365181571682061000
1365181571882011000
1365181572081964000
1365181572281932000
1365181572481887000
1365181572681851000
1365181572881813000
1365181573081773000
1365181573281738000
1365181573481700000
1365181573681663000
1365181573881648000
1365181574081591000
1365181574281554000
1365181574481518000
1365181574681507000
1365181574881442000
1365181575081408000
1365181575281372000
1365181575481338000
1365181575681297000
1365181575881259000
1365181576081221000
1365181576281196000
1365181576481148000
1365181576681111000
1365181576881075000
1365181577081040000
1365181577281015000
1365181577480964000
1365181577680925000
1365181577880891000
1365181578080868000
1365181578280821000
1365181578480782000
1365181578680745000
1365181578883789000
1365181579080691000
1365181579280631000
1365181579480603000
1365181579680560000
1365181579880523000
1365181580080492000
1365181580280448000
1365181580480415000
1365181580680375000
1365181580880346000
1365181581080300000
1365181581280268000
1365181581480228000
1365181581680207000
1365181581880174000
1365181582080117000
1365181582280085000
1365181582480067000
1365181582680006000
1365181582879998000
1365181583079936000
1365181583279894000
1365181583479878000
1365181583679822000
1365181583879785000
1365181584079749000
1365181584279711000
1365181584479675000
1365181584679658000
1365181584879604000
1365181585079565000
1365181585279531000
1365181585479491000
1365181585679457000
1365181585879422000
1365181586079383000
1365181586279346000
1365181586479306000
1365181586679271000
1365181586879233000
1365181587079198000
1365181587279159000
1365181587479123000
1365181587679087000
1365181587879048000
1365181588079010000
1365181588278978000
1365181588478948000
1365181588678900000
1365181588878865000
1365181589078830000
1365181589278852000
1365181589478771000
1365181589678717000
1365181589878679000
1365181590078645000
1365181590278620000
1365181590478579000
1365181590678532000
1365181590878496000
1365181591078464000
1365181591278437000
1365181591478385000
1365181591678350000
1365181591878313000
1365181592078277000
1365181592278240000
1365181592478203000
1365181592678165000
1365181592878129000
1365181593078089000
1365181593278075000
1365181593478018000
1365181593677985000
1365181593877975000
1365181594077908000
1365181594277871000
1365181594477834000
1365181594677796000
1365181594877759000
1365181595077723000
1365181595277684000
1365181595477650000
1365181595677614000
1365181595877628000
1365181596077540000
1365181596277505000
1365181596477487000
1365181596677429000
1365181596877394000
1365181597077358000
1365181597277318000
1365181597477284000
1365181597677248000
1365181597877205000
1365181598077176000
1365181598277146000
1365181598477122000
1365181598677060000
1365181598879443000
1365181599076988000
1365181599276968000
1365181599476916000
1365181599676874000
1365181599876839000
1365181600076818000
1365181600276775000
1365181600476732000
1365181600676705000
1365181600876655000
1365181601076617000
1365181601276583000
1365181601476693000
1365181601676542000
1365181601876472000
1365181602076438000
1365181602276403000
1365181602476390000
1365181602676324000
1365181602876286000
1365181603076250000
1365181603276211000
1365181603476174000
1365181603676169000
1365181603876103000
1365181604076066000
1365181604276248000
1365181604476221000
1365181604675953000
1365181604875917000
1365181605075918000
1365181605275841000
1365181605476006000
1365181605675794000
1365181605875739000
1365181606075697000
1365181606276186000
1365181606475625000
1365181606675592000
1365181606875566000
1365181607075511000
1365181607275479000
1365181607475443000
1365181607675403000
1365181607875365000
1365181608075326000
1365181608275292000
1365181608475255000
1365181608675221000
1365181608875204000
1365181609075139000
1365181609275097000
1365181609475098000
1365181609675056000
1365181609874995000
1365181610074980000
1365181610274923000
1365181610474889000
1365181610674849000
1365181610874814000
1365181611074778000
1365181611274757000
1365181611474707000
1365181611674667000
1365181611874627000
1365181612074589000
1365181612274556000
1365181612474519000
1365181612674483000
1365181612874444000
1365181613074412000
1365181613274371000
1365181613474353000
1365181613674300000
1365181613874283000
1365181614074230000
1365181614274187000
1365181614474150000
1365181614674113000
1365181614874076000
1365181615074051000
1365181615274005000
1365181615473965000
1365181615673930000
1365181615873892000
1365181616073856000
1365181616273824000
1365181616473788000
1365181616673742000
1365181616873708000
1365181617073673000
1365181617273633000
1365181617473599000
1365181617673558000
1365181617873527000
1365181618073490000
1365181618273454000
1365181618473414000
1365181618673378000
1365181618873339000
1365181619073306000
1365181619273267000
1365181619473232000
1365181619673196000
1365181619873172000
1365181620073121000
1365181620273085000
1365181620473046000
1365181620673052000
1365181620872973000
1365181621072940000
1365181621272912000
1365181621472864000
1365181621672824000
1365181621872788000
1365181622072751000
1365181622272713000
1365181622472676000
1365181622672640000
1365181622872604000
1365181623072570000
1365181623272529000
1365181623472494000
1365181623672461000
1365181623872418000
1365181624072387000
1365181624272351000
1365181624472323000
1365181624672273000
1365181624872236000
1365181625072198000
1365181625272165000
1365181625472127000
1365181625672087000
1365181625874557000
1365181626072018000
1365181626271992000
1365181626471943000
1365181626671905000
1365181626871866000
1365181627071828000
1365181627271793000
1365181627471754000
1365181627671722000
1365181627871684000
1365181628071648000
1365181628271611000
1365181628471576000
1365181628671533000
1365181628871520000
1365181629071460000
1365181629271426000
1365181629471388000
1365181629671374000
1365181629871357000
1365181630071280000
1365181630271242000
1365181630471203000
1365181630671177000
1365181630871134000
1365181631071093000
1365181631271115000
1365181631471022000
1365181631670986000
1365181631870987000
1365181632070927000
1365181632270878000
1365181632470839000
1365181632670803000
1365181632870763000
1365181633070725000
1365181633270690000
1365181633470652000
1365181633670619000
1365181633870580000
1365181634070540000
1365181634270505000
1365181634470469000
1365181634670431000
1365181634870394000
1365181635070357000
1365181635270322000
1365181635470284000
1365181635670246000
1365181635870212000
1365181636070174000
1365181636270138000
1365181636470130000
1365181636670064000
1365181636870025000
1365181637070005000
1365181637269957000
1365181637469919000
1365181637669879000
1365181637869845000
1365181638069805000
1365181638269770000
1365181638469730000
1365181638669699000
1365181638869660000
1365181639069622000
1365181639269586000
1365181639469550000
1365181639669530000
1365181639869474000
1365181640069438000
1365181640269401000
1365181640469367000
1365181640670019000
1365181640869293000
1365181641069254000
1365181641269216000
1365181641469171000
1365181641669465000
1365181641869106000
1365181642069071000
1365181642269036000
1365181642469000000
1365181642668964000
1365181642868924000
1365181643068888000
1365181643268848000
1365181643468815000
1365181643668794000
1365181643868732000
1365181644068703000
1365181644268698000
1365181644468628000
1365181644668593000
1365181644868555000
1365181645068519000
1365181645268482000
1365181645468452000
1365181645668408000
1365181645868371000
1365181646068333000
1365181646268297000
1365181646468263000
1365181646668307000
1365181646868187000
1365181647068179000
1365181647268115000
1365181647468120000
1365181647668088000
1365181647868007000
1365181648067966000
1365181648267932000
1365181648467894000
1365181648667860000
1365181648867824000
1365181649067797000
1365181649267751000
1365181649467747000
1365181649667670000
1365181649867636000
1365181650067601000
1365181650267563000
1365181650467528000
1365181650667524000
1365181650867450000
1365181651067428000
1365181651267383000
1365181651467344000
1365181651667305000
1365181651867271000
1365181652067231000
1365181652267200000
1365181652467159000
1365181652667124000
1365181652867113000
1365181653067054000
1365181653267009000
1365181653466977000
1365181653666961000
1365181653866907000
1365181654066883000
1365181654266831000
1365181654466790000
1365181654666777000
1365181654866716000
1365181655066684000
1365181655266643000
1365181655466608000
1365181655666571000
1365181655866533000
1365181656066496000
1365181656266450000
1365181656466425000
1365181656666426000
1365181656866363000
1365181657066349000
1365181657266277000
1365181657466238000
1365181657666222000
1365181657866165000
1365181658066129000
1365181658266181000
1365181658466060000
1365181658666020000
1365181658865982000
1365181659065970000
1365181659265907000
1365181659465896000
1365181659665833000
1365181659865798000
1365181660065757000
1365181660265741000
1365181660465687000
1365181660665654000
1365181660865617000
1365181661065578000
1365181661265544000
1365181661465510000
1365181661665466000
1365181661865435000
1365181662065397000
1365181662265358000
1365181662465324000
1365181662665288000
1365181662865249000
1365181663065209000
1365181663265171000
1365181663465135000
1365181663665103000
1365181663865094000
1365181664065056000
1365181664264990000
1365181664464952000
1365181664664916000
1365181664864878000
1365181665064866000
1365181665264805000
1365181665464770000
1365181665664726000
1365181665864698000
1365181666064659000
1365181666264626000
1365181666464600000
1365181666664558000
1365181666864521000
1365181667064498000
1365181667264437000
1365181667464406000
1365181667664371000
1365181667864350000
1365181668064290000
1365181668264252000
1365181668464245000
1365181668664178000
1365181668864154000
1365181669064143000
1365181669264071000
1365181669464036000
1365181669663998000
1365181669863962000
1365181670063922000
1365181670263885000
1365181670463860000
1365181670663814000
1365181670863778000
1365181671063734000
1365181671263703000
1365181671463670000
1365181671663633000
1365181671863595000
1365181672063574000
1365181672263522000
1365181672463483000
1365181672663444000
1365181672863411000
1365181673063370000
1365181673263336000
1365181673463300000
1365181673663263000
1365181673863227000
1365181674063189000
1365181674263153000
1365181674463116000
1365181674663093000
1365181674863042000
1365181675063006000
1365181675262967000
1365181675462934000
1365181675662896000
1365181675862898000
1365181676062823000
1365181676262788000
1365181676462747000
1365181676662720000
1365181676862678000
1365181677062650000
1365181677262603000
1365181677462566000
1365181677662530000
1365181677862494000
1365181678062465000
1365181678262417000
1365181678462379000
1365181678662352000
1365181678862310000
1365181679062275000
1365181679262239000
1365181679462199000
1365181679662164000
1365181679862126000
1365181680062089000
1365181680262049000
1365181680462016000
1365181680661980000
1365181680861939000
1365181681061903000
1365181681261866000
1365181681461832000
1365181681661795000
1365181681861756000
1365181682061722000
1365181682261682000
1365181682461648000
1365181682661615000
1365181682861572000
1365181683061539000
1365181683261489000
1365181683461456000
1365181683661418000
1365181683861387000
1365181684061344000
1365181684261306000
1365181684461271000
1365181684661234000
1365181684861226000
1365181685061168000
1365181685261131000
1365181685461093000
1365181685661049000
1365181685861036000
1365181686060979000
1365181686260945000
1365181686460909000
1365181686660866000
1365181686860828000
1365181687060792000
1365181687260760000
1365181687460719000
1365181687660685000
1365181687860651000
1365181688060610000
1365181688260572000
1365181688460536000
1365181688660496000
1365181688860460000
1365181689060428000
1365181689260389000
1365181689460352000
1365181689660312000
1365181689860279000
1365181690060264000
1365181690260206000
1365181690460168000
1365181690660133000
1365181690860098000
1365181691060056000
1365181691260028000
1365181691459992000
1365181691659949000
1365181691859914000
1365181692059875000
1365181692259837000
1365181692459800000
1365181692659765000
1365181692859728000
